experiment,arm,seed,path,labeling_raw_f1,labeling_refined_f1,detection_f1,detection_acc,selected_round,wall_clock_s,finished_at
SMOKE,plumbing,42,./outputs/results/SMOKE/plumbing/seed42,0.9191,0.918,,,,23.8,2026-09-09 17:20:33
E1,v2.1,42,./outputs/results/E1/v2.1/seed42,0.9191,0.918,0.8266,0.8042,15,283.7,2026-09-09 17:25:39
E1,v2.1,43,./outputs/results/E1/v2.1/seed43,0.9242,0.9228,0.8145,0.7874,1,271.6,2026-09-09 17:30:11
E1,v2.1,44,./outputs/results/E1/v2.1/seed44,0.9263,0.9247,0.7122,0.7221,32,261.0,2026-09-09 17:34:32
E1,v2.1,45,./outputs/results/E1/v2.1/seed45,0.929,0.9252,0.826,0.8003,27,274.4,2026-09-09 17:39:06
E1,v2.1,46,./outputs/results/E1/v2.1/seed46,0.9183,0.9148,0.8176,0.7898,2,309.1,2026-09-09 17:44:16
E1,upper_bound_supervised,42,./outputs/results/E1/upper_bound_supervised/seed42,0.9191,0.918,0.5215,0.7006,200,401.4,2026-09-09 17:51:00
E1,upper_bound_supervised,43,./outputs/results/E1/upper_bound_supervised/seed43,0.9242,0.9228,0.5668,0.7012,66,328.2,2026-09-09 17:56:29
E1,upper_bound_supervised,44,./outputs/results/E1/upper_bound_supervised/seed44,0.9263,0.9247,0.5198,0.6984,200,379.7,2026-09-09 18:02:49
E1,upper_bound_supervised,45,./outputs/results/E1/upper_bound_supervised/seed45,0.929,0.9252,0.5085,0.6865,200,392.8,2026-09-09 18:09:21
E1,upper_bound_supervised,46,./outputs/results/E1/upper_bound_supervised/seed46,0.9183,0.9148,0.5111,0.687,200,427.3,2026-09-09 18:16:29
E1,lower_bound_v1,42,./outputs/results/E1/lower_bound_v1/seed42,0.7403,0.7403,0.7073,0.6964,200,258.4,2026-09-09 18:22:47
E1,lower_bound_v1,43,./outputs/results/E1/lower_bound_v1/seed43,0.7856,0.7856,0.7214,0.7058,200,259.2,2026-09-09 18:27:06
E1,lower_bound_v1,44,./outputs/results/E1/lower_bound_v1/seed44,0.7407,0.7407,0.7067,0.6951,200,251.3,2026-09-09 18:31:17
E1,lower_bound_v1,45,./outputs/results/E1/lower_bound_v1/seed45,0.7896,0.7896,0.7492,0.7239,200,263.8,2026-09-09 18:35:41
E1,lower_bound_v1,46,./outputs/results/E1/lower_bound_v1/seed46,0.7862,0.7862,0.7212,0.7056,200,276.6,2026-09-09 18:40:18
E1,upper_bound_supervised_curated,42,./outputs/results/E1/upper_bound_supervised_curated/seed42,0.9191,0.918,0.532,0.7104,191,257.0,2026-09-09 18:44:38
E1,upper_bound_supervised_curated,43,./outputs/results/E1/upper_bound_supervised_curated/seed43,0.9242,0.9228,0.4742,0.6633,89,242.9,2026-09-09 18:48:41
E1,upper_bound_supervised_curated,44,./outputs/results/E1/upper_bound_supervised_curated/seed44,0.9263,0.9247,0.485,0.6669,90,248.6,2026-09-09 18:52:49
E1,upper_bound_supervised_curated,45,./outputs/results/E1/upper_bound_supervised_curated/seed45,0.929,0.9252,0.5034,0.6848,200,239.6,2026-09-09 18:56:49
E1,upper_bound_supervised_curated,46,./outputs/results/E1/upper_bound_supervised_curated/seed46,0.9183,0.9148,0.5203,0.6972,200,280.7,2026-09-09 19:01:30
E3,A1_laplacian,42,./outputs/results/E3/A1_laplacian/seed42,0.92,0.9175,,,,23.7,2026-09-09 19:01:57
E3,A1_laplacian,43,./outputs/results/E3/A1_laplacian/seed43,0.9281,0.9236,,,,20.0,2026-09-09 19:02:17
E3,A1_laplacian,44,./outputs/results/E3/A1_laplacian/seed44,0.9224,0.9194,,,,20.5,2026-09-09 19:02:37
E3,A1_variance,42,./outputs/results/E3/A1_variance/seed42,0.9133,0.9104,,,,20.6,2026-09-09 19:03:00
E3,A1_variance,43,./outputs/results/E3/A1_variance/seed43,0.9269,0.9255,,,,21.1,2026-09-09 19:03:22
E3,A1_variance,44,./outputs/results/E3/A1_variance/seed44,0.9299,0.9276,,,,20.4,2026-09-09 19:03:42
E3,A1_rf_gini_v1legacy,42,./outputs/results/E3/A1_rf_gini_v1legacy/seed42,0.9202,0.9168,,,,21.6,2026-09-09 19:04:06
E3,A1_rf_gini_v1legacy,43,./outputs/results/E3/A1_rf_gini_v1legacy/seed43,0.881,0.8776,,,,21.5,2026-09-09 19:04:28
E3,A1_rf_gini_v1legacy,44,./outputs/results/E3/A1_rf_gini_v1legacy/seed44,0.9158,0.9111,,,,21.2,2026-09-09 19:04:49
E3,A1_all_features,42,./outputs/results/E3/A1_all_features/seed42,0.9089,0.9062,,,,24.3,2026-09-09 19:05:16
E3,A1_all_features,43,./outputs/results/E3/A1_all_features/seed43,0.9273,0.9274,,,,22.4,2026-09-09 19:05:38
E3,A1_all_features,44,./outputs/results/E3/A1_all_features/seed44,0.9227,0.9221,,,,19.9,2026-09-09 19:05:58
E3,A6_pca2d_v1legacy,42,./outputs/results/E3/A6_pca2d_v1legacy/seed42,0.9004,0.899,,,,21.9,2026-09-09 19:06:23
E3,A6_pca2d_v1legacy,43,./outputs/results/E3/A6_pca2d_v1legacy/seed43,0.9134,0.9123,,,,21.6,2026-09-09 19:06:44
E3,A6_pca2d_v1legacy,44,./outputs/results/E3/A6_pca2d_v1legacy/seed44,0.9082,0.9064,,,,20.6,2026-09-09 19:07:05
E3,A9_k2,42,./outputs/results/E3/A9_k2/seed42,0.7259,0.7264,,,,21.5,2026-09-09 19:07:29
E3,A9_k2,43,./outputs/results/E3/A9_k2/seed43,0.7251,0.7254,,,,18.7,2026-09-09 19:07:48
E3,A9_k2,44,./outputs/results/E3/A9_k2/seed44,0.7294,0.7294,,,,20.7,2026-09-09 19:08:08
E3,A9_k4,42,./outputs/results/E3/A9_k4/seed42,0.8577,0.8575,,,,20.1,2026-09-09 19:08:31
E3,A9_k4,43,./outputs/results/E3/A9_k4/seed43,0.857,0.8561,,,,20.5,2026-09-09 19:08:51
E3,A9_k4,44,./outputs/results/E3/A9_k4/seed44,0.8574,0.8579,,,,19.7,2026-09-09 19:09:11
E3,A9_k8,42,./outputs/results/E3/A9_k8/seed42,0.9006,0.8956,,,,21.2,2026-09-09 19:09:35
E3,A9_k8,43,./outputs/results/E3/A9_k8/seed43,0.9001,0.8996,,,,23.2,2026-09-09 19:09:58
E3,A9_k8,44,./outputs/results/E3/A9_k8/seed44,0.9083,0.9052,,,,22.5,2026-09-09 19:10:20
E3,A9_k16,42,./outputs/results/E3/A9_k16/seed42,0.9306,0.9281,,,,20.3,2026-09-09 19:10:43
E3,A9_k16,43,./outputs/results/E3/A9_k16/seed43,0.9278,0.9255,,,,21.3,2026-09-09 19:11:05
E3,A9_k16,44,./outputs/results/E3/A9_k16/seed44,0.9396,0.9376,,,,20.0,2026-09-09 19:11:25
E3,A9_k20,42,./outputs/results/E3/A9_k20/seed42,0.9323,0.9309,,,,20.9,2026-09-09 19:11:48
E3,A9_k20,43,./outputs/results/E3/A9_k20/seed43,0.937,0.9356,,,,20.9,2026-09-09 19:12:09
E3,A9_k20,44,./outputs/results/E3/A9_k20/seed44,0.9369,0.933,,,,20.6,2026-09-09 19:12:29
E3,A8_R0,42,./outputs/results/E3/A8_R0/seed42,0.9191,0.9191,0.8447,0.8272,33,97.6,2026-09-09 19:14:10
E3,A8_R0,43,./outputs/results/E3/A8_R0/seed43,0.9242,0.9242,0.8507,0.8366,181,93.9,2026-09-09 19:15:44
E3,A8_R0,44,./outputs/results/E3/A8_R0/seed44,0.9263,0.9263,0.8473,0.8286,38,92.4,2026-09-09 19:17:16
E3,A8_R1,42,./outputs/results/E3/A8_R1/seed42,0.9191,0.9182,0.832,0.8094,41,164.4,2026-09-09 19:20:03
E3,A8_R1,43,./outputs/results/E3/A8_R1/seed43,0.9242,0.9235,0.8074,0.7754,17,166.8,2026-09-09 19:22:50
E3,A8_R1,44,./outputs/results/E3/A8_R1/seed44,0.9263,0.924,0.7903,0.7667,20,171.1,2026-09-09 19:25:41
E3,A8_R5,42,./outputs/results/E3/A8_R5/seed42,0.9191,0.9171,0.8184,0.7929,20,296.1,2026-09-09 19:30:40
E3,A8_R5,43,./outputs/results/E3/A8_R5/seed43,0.9242,0.9247,0.818,0.7903,11,334.1,2026-09-09 19:36:14
E3,A8_R5,44,./outputs/results/E3/A8_R5/seed44,0.9263,0.9236,0.7081,0.717,1,357.8,2026-09-09 19:42:12
E3,A3_no_refinement_no_curation,42,./outputs/results/E3/A3_no_refinement_no_curation/seed42,0.9191,0.9191,0.8006,0.7844,14,328.5,2026-09-09 19:47:45
E3,A3_no_refinement_no_curation,43,./outputs/results/E3/A3_no_refinement_no_curation/seed43,0.9242,0.9242,0.8083,0.7924,23,332.0,2026-09-09 19:53:17
E3,A3_no_refinement_no_curation,44,./outputs/results/E3/A3_no_refinement_no_curation/seed44,0.9263,0.9263,0.7794,0.7667,30,339.1,2026-09-09 19:58:56
E3,A3_naive_selftraining,42,./outputs/results/E3/A3_naive_selftraining/seed42,0.9191,0.8452,0.7265,0.7339,20,265.1,2026-09-09 20:03:24
E3,A3_naive_selftraining,43,./outputs/results/E3/A3_naive_selftraining/seed43,0.9242,0.8355,0.7244,0.7257,37,290.0,2026-09-09 20:08:14
E3,A3_naive_selftraining,44,./outputs/results/E3/A3_naive_selftraining/seed44,0.9263,0.8151,0.4477,0.5767,25,285.0,2026-09-09 20:12:59
E3,A4_global_threshold,42,./outputs/results/E3/A4_global_threshold/seed42,0.9191,0.9149,0.836,0.8063,30,281.7,2026-09-09 20:17:46
E3,A4_global_threshold,43,./outputs/results/E3/A4_global_threshold/seed43,0.9242,0.9211,0.838,0.8057,35,284.9,2026-09-09 20:22:31
E3,A4_global_threshold,44,./outputs/results/E3/A4_global_threshold/seed44,0.9263,0.9214,0.8148,0.7861,6,281.8,2026-09-09 20:27:13
E3,A5_bce,42,./outputs/results/E3/A5_bce/seed42,0.9191,0.9174,0.8163,0.7903,11,251.6,2026-09-09 20:31:27
E3,A5_bce,43,./outputs/results/E3/A5_bce/seed43,0.9242,0.9217,0.8184,0.7908,18,249.3,2026-09-09 20:35:36
E3,A5_bce,44,./outputs/results/E3/A5_bce/seed44,0.9263,0.924,0.8158,0.7872,21,261.4,2026-09-09 20:39:58
E3,A5_logit_adjusted,42,./outputs/results/E3/A5_logit_adjusted/seed42,0.9191,0.9171,0.8074,0.7833,25,249.3,2026-09-09 20:44:10
E3,A5_logit_adjusted,43,./outputs/results/E3/A5_logit_adjusted/seed43,0.9242,0.9222,0.817,0.7887,23,244.6,2026-09-09 20:48:14
E3,A5_logit_adjusted,44,./outputs/results/E3/A5_logit_adjusted/seed44,0.9263,0.9242,0.8187,0.7911,39,248.8,2026-09-09 20:52:23
E3,A10_train_on_all,42,./outputs/results/E3/A10_train_on_all/seed42,0.9191,0.918,0.7883,0.7863,46,316.6,2026-09-09 20:57:43
E3,A10_train_on_all,43,./outputs/results/E3/A10_train_on_all/seed43,0.9242,0.9228,0.8142,0.799,20,312.2,2026-09-09 21:02:55
E3,A10_train_on_all,44,./outputs/results/E3/A10_train_on_all/seed44,0.9263,0.9247,0.7965,0.7876,37,305.0,2026-09-09 21:08:00
E3,A7_fedavg_mu0,42,./outputs/results/E3/A7_fedavg_mu0/seed42,0.9191,0.918,0.8121,0.7904,12,200.4,2026-09-09 21:11:24
E3,A7_fedavg_mu0,43,./outputs/results/E3/A7_fedavg_mu0/seed43,0.9242,0.9228,0.8146,0.7874,1,199.5,2026-09-09 21:14:43
E3,A7_fedavg_mu0,44,./outputs/results/E3/A7_fedavg_mu0/seed44,0.9263,0.9247,0.7277,0.731,1,206.1,2026-09-09 21:18:09
E3,A7_fedprox_mu01,42,./outputs/results/E3/A7_fedprox_mu01/seed42,0.9191,0.918,0.8306,0.8093,27,242.7,2026-09-09 21:22:15
E3,A7_fedprox_mu01,43,./outputs/results/E3/A7_fedprox_mu01/seed43,0.9242,0.9228,0.8205,0.7938,18,239.5,2026-09-09 21:26:14
E3,A7_fedprox_mu01,44,./outputs/results/E3/A7_fedprox_mu01/seed44,0.9263,0.9247,0.8135,0.7848,2,238.8,2026-09-09 21:30:13
E3,A7_no_ema,42,./outputs/results/E3/A7_no_ema/seed42,0.9191,0.918,0.8069,0.7822,1,241.3,2026-09-09 21:34:17
E3,A7_no_ema,43,./outputs/results/E3/A7_no_ema/seed43,0.9242,0.9228,0.8145,0.7874,1,249.7,2026-09-09 21:38:27
E3,A7_no_ema,44,./outputs/results/E3/A7_no_ema/seed44,0.9263,0.9247,0.7257,0.7298,1,244.7,2026-09-09 21:42:31
E3,A7_selection_last,42,./outputs/results/E3/A7_selection_last/seed42,0.9191,0.918,0.2451,0.5272,200,261.5,2026-09-09 21:46:56
E3,A7_selection_last,43,./outputs/results/E3/A7_selection_last/seed43,0.9242,0.9228,0.3459,0.5724,200,274.4,2026-09-09 21:51:30
E3,A7_selection_last,44,./outputs/results/E3/A7_selection_last/seed44,0.9263,0.9247,0.3561,0.5862,200,246.4,2026-09-09 21:55:37
E3,A7_lr1e3_v1legacy,42,./outputs/results/E3/A7_lr1e3_v1legacy/seed42,0.9191,0.918,0.7994,0.7852,31,241.2,2026-09-09 21:59:40
E3,A7_lr1e3_v1legacy,43,./outputs/results/E3/A7_lr1e3_v1legacy/seed43,0.9242,0.9228,0.8357,0.8228,200,255.1,2026-09-09 22:03:56
E3,A7_lr1e3_v1legacy,44,./outputs/results/E3/A7_lr1e3_v1legacy/seed44,0.9263,0.9247,0.7262,0.7374,31,258.5,2026-09-09 22:08:14
E3,CAND_r0_mu10,42,./outputs/results/E3/CAND_r0_mu10/seed42,0.9191,0.9191,0.8286,0.8038,24,95.4,2026-09-09 22:11:26
E3,CAND_r0_mu10,43,./outputs/results/E3/CAND_r0_mu10/seed43,0.9242,0.9242,0.8475,0.8277,46,90.7,2026-09-09 22:12:57
E3,CAND_r0_mu10,44,./outputs/results/E3/CAND_r0_mu10/seed44,0.9263,0.9263,0.8616,0.8368,36,96.2,2026-09-09 22:14:33
E3,CAND_r0_mu10_k16,42,./outputs/results/E3/CAND_r0_mu10_k16/seed42,0.9306,0.9306,0.8659,0.8464,115,90.5,2026-09-09 22:16:06
E3,CAND_r0_mu10_k16,43,./outputs/results/E3/CAND_r0_mu10_k16/seed43,0.9278,0.9278,0.8447,0.8264,144,93.7,2026-09-09 22:17:40
E3,CAND_r0_mu10_k16,44,./outputs/results/E3/CAND_r0_mu10_k16/seed44,0.9396,0.9396,0.8629,0.8389,24,94.9,2026-09-09 22:19:15
E1,final_r0_mu10_k16,42,./outputs/results/E1/final_r0_mu10_k16/seed42,0.9306,0.9306,0.8659,0.8464,115,104.5,2026-09-09 22:21:29
E1,final_r0_mu10_k16,43,./outputs/results/E1/final_r0_mu10_k16/seed43,0.9278,0.9278,0.8447,0.8264,144,92.3,2026-09-09 22:23:02
E1,final_r0_mu10_k16,44,./outputs/results/E1/final_r0_mu10_k16/seed44,0.9396,0.9396,0.8629,0.8389,24,92.8,2026-09-09 22:24:35
E1,final_r0_mu10_k16,45,./outputs/results/E1/final_r0_mu10_k16/seed45,0.9423,0.9423,0.8808,0.8633,30,97.4,2026-09-09 22:26:12
E1,final_r0_mu10_k16,46,./outputs/results/E1/final_r0_mu10_k16/seed46,0.929,0.929,0.8686,0.8462,32,89.6,2026-09-09 22:27:42
E4,final,42,./outputs/results/E4/final/seed42,,,,,115,99.2,2026-09-09 22:29:24
E4,final,43,./outputs/results/E4/final/seed43,,,,,144,94.3,2026-09-09 22:30:58
E4,final,44,./outputs/results/E4/final/seed44,,,,,24,88.7,2026-09-09 22:32:27
E4,final,45,./outputs/results/E4/final/seed45,,,,,30,89.5,2026-09-09 22:33:56
E4,final,46,./outputs/results/E4/final/seed46,,,,,32,99.9,2026-09-09 22:35:36
E2,B1_zhao_dynamic_threshold,42,./outputs/results/E2/B1_zhao_dynamic_threshold/seed42,,,0.3423,0.5525,191,333.3,2026-09-09 23:02:37
E2,B3_cbafed_class_balanced,42,./outputs/results/E2/B3_cbafed_class_balanced/seed42,,,0.6418,0.7295,48,315.4,2026-09-09 23:07:52
E2,B4_fedmse_autoencoder,42,./outputs/results/E2/B4_fedmse_autoencoder/seed42,,,0.4318,0.6253,-1,2.0,2026-09-09 23:07:55
E2,B5_fedups_uncertainty,42,./outputs/results/E2/B5_fedups_uncertainty/seed42,,,0.8315,0.8117,2,527.9,2026-09-09 23:16:42
E2,B1_zhao_dynamic_threshold,43,./outputs/results/E2/B1_zhao_dynamic_threshold/seed43,,,0.3787,0.5748,157,343.2,2026-09-09 23:22:33
E2,B3_cbafed_class_balanced,43,./outputs/results/E2/B3_cbafed_class_balanced/seed43,,,0.7474,0.7641,40,328.9,2026-09-09 23:28:02
E2,B4_fedmse_autoencoder,43,./outputs/results/E2/B4_fedmse_autoencoder/seed43,,,0.4201,0.6094,-1,1.9,2026-09-09 23:28:04
E2,B5_fedups_uncertainty,43,./outputs/results/E2/B5_fedups_uncertainty/seed43,,,0.8561,0.8401,2,510.7,2026-09-09 23:36:34
E2,B1_zhao_dynamic_threshold,44,./outputs/results/E2/B1_zhao_dynamic_threshold/seed44,,,0.8321,0.8126,9,328.9,2026-09-09 23:42:10
E2,B3_cbafed_class_balanced,44,./outputs/results/E2/B3_cbafed_class_balanced/seed44,,,0.8166,0.7885,13,325.6,2026-09-09 23:47:35
E2,B4_fedmse_autoencoder,44,./outputs/results/E2/B4_fedmse_autoencoder/seed44,,,0.4285,0.6214,-1,1.9,2026-09-09 23:47:37
E2,B5_fedups_uncertainty,44,./outputs/results/E2/B5_fedups_uncertainty/seed44,,,0.8382,0.8182,2,533.8,2026-09-09 23:56:31
E2,B1_zhao_dynamic_threshold,45,./outputs/results/E2/B1_zhao_dynamic_threshold/seed45,,,0.8274,0.8046,77,342.2,2026-09-10 00:02:19
E2,B3_cbafed_class_balanced,45,./outputs/results/E2/B3_cbafed_class_balanced/seed45,,,0.6271,0.7022,53,318.4,2026-09-10 00:07:38
E2,B4_fedmse_autoencoder,45,./outputs/results/E2/B4_fedmse_autoencoder/seed45,,,0.4308,0.6211,-1,1.9,2026-09-10 00:07:40
E2,B5_fedups_uncertainty,45,./outputs/results/E2/B5_fedups_uncertainty/seed45,,,0.8415,0.8191,2,515.5,2026-09-10 00:16:15
E2,B1_zhao_dynamic_threshold,46,./outputs/results/E2/B1_zhao_dynamic_threshold/seed46,,,0.8328,0.8114,114,355.5,2026-09-10 00:22:22
E2,B3_cbafed_class_balanced,46,./outputs/results/E2/B3_cbafed_class_balanced/seed46,,,0.4193,0.6122,20,320.0,2026-09-10 00:27:42
E2,B4_fedmse_autoencoder,46,./outputs/results/E2/B4_fedmse_autoencoder/seed46,,,0.4257,0.6151,-1,1.9,2026-09-10 00:27:44
E2,B5_fedups_uncertainty,46,./outputs/results/E2/B5_fedups_uncertainty/seed46,,,0.8682,0.8459,2,540.6,2026-09-10 00:36:44
E_LOFO,Bot,42,./outputs/results/E_LOFO/Bot/seed42,,,,,144,106.2,2026-09-10 01:49:15
E_LOFO,DDoS,42,./outputs/results/E_LOFO/DDoS/seed42,,,,,133,93.4,2026-09-10 01:50:49
E_LOFO,DoS_GoldenEye,42,./outputs/results/E_LOFO/DoS_GoldenEye/seed42,,,,,172,89.0,2026-09-10 01:52:18
E_LOFO,DoS_Hulk,42,./outputs/results/E_LOFO/DoS_Hulk/seed42,,,,,22,78.8,2026-09-10 01:53:36
E_LOFO,DoS_Slowhttptest,42,./outputs/results/E_LOFO/DoS_Slowhttptest/seed42,,,,,82,89.4,2026-09-10 01:55:06
E_LOFO,DoS_slowloris,42,./outputs/results/E_LOFO/DoS_slowloris/seed42,,,,,100,84.4,2026-09-10 01:56:30
E_LOFO,FTPPatator,42,./outputs/results/E_LOFO/FTPPatator/seed42,,,,,79,93.2,2026-09-10 01:58:03
E_LOFO,Heartbleed,42,./outputs/results/E_LOFO/Heartbleed/seed42,,,,,92,91.0,2026-09-10 01:59:34
E_LOFO,Infiltration,42,./outputs/results/E_LOFO/Infiltration/seed42,,,,,79,95.8,2026-09-10 02:01:10
E_LOFO,PortScan,42,./outputs/results/E_LOFO/PortScan/seed42,,,,,199,75.6,2026-09-10 02:02:26
E_LOFO,SSHPatator,42,./outputs/results/E_LOFO/SSHPatator/seed42,,,,,198,97.2,2026-09-10 02:04:03
E_LOFO,Web_Attack__Brute_Force,42,./outputs/results/E_LOFO/Web_Attack__Brute_Force/seed42,,,,,198,92.4,2026-09-10 02:05:35
E_LOFO,Web_Attack__Sql_Injection,42,./outputs/results/E_LOFO/Web_Attack__Sql_Injection/seed42,,,,,99,88.6,2026-09-10 02:07:04
E_LOFO,Web_Attack__XSS,42,./outputs/results/E_LOFO/Web_Attack__XSS/seed42,,,,,83,92.7,2026-09-10 02:08:37
E8,poison0.1_fedavg,42,./outputs/results/E8/poison0.1_fedavg/seed42,0.9306,0.9306,0.8595,0.8395,85,92.3,2026-09-10 02:10:13
E8,poison0.1_fedavg,43,./outputs/results/E8/poison0.1_fedavg/seed43,0.9278,0.9278,0.4822,0.6293,10,96.2,2026-09-10 02:11:49
E8,poison0.1_fedavg,44,./outputs/results/E8/poison0.1_fedavg/seed44,0.9396,0.9396,0.8493,0.8322,26,95.0,2026-09-10 02:13:24
E8,poison0.1_median,42,./outputs/results/E8/poison0.1_median/seed42,0.9306,0.9306,0.8588,0.8353,200,95.8,2026-09-10 02:15:02
E8,poison0.1_median,43,./outputs/results/E8/poison0.1_median/seed43,0.9278,0.9278,0.8515,0.8162,141,99.9,2026-09-10 02:16:42
E8,poison0.1_median,44,./outputs/results/E8/poison0.1_median/seed44,0.9396,0.9396,0.8525,0.8227,27,106.2,2026-09-10 02:18:29
E8,poison0.2_fedavg,42,./outputs/results/E8/poison0.2_fedavg/seed42,0.9306,0.9306,0.533,0.6445,176,111.1,2026-09-10 02:20:23
E8,poison0.2_fedavg,43,./outputs/results/E8/poison0.2_fedavg/seed43,0.9278,0.9278,0.8157,0.7883,6,103.7,2026-09-10 02:22:07
E8,poison0.2_fedavg,44,./outputs/results/E8/poison0.2_fedavg/seed44,0.9396,0.9396,0.7791,0.7481,11,98.5,2026-09-10 02:23:45
E8,poison0.2_median,42,./outputs/results/E8/poison0.2_median/seed42,0.9306,0.9306,0.5711,0.6453,194,105.9,2026-09-10 02:25:34
E8,poison0.2_median,43,./outputs/results/E8/poison0.2_median/seed43,0.9278,0.9278,0.8141,0.7848,156,113.6,2026-09-10 02:27:28
E8,poison0.2_median,44,./outputs/results/E8/poison0.2_median/seed44,0.9396,0.9396,0.8063,0.7786,94,108.9,2026-09-10 02:29:17
E8,poison0.3_fedavg,42,./outputs/results/E8/poison0.3_fedavg/seed42,0.9306,0.9306,0.5081,0.5901,96,106.6,2026-09-10 02:31:07
E8,poison0.3_fedavg,43,./outputs/results/E8/poison0.3_fedavg/seed43,0.9278,0.9278,0.8177,0.79,10,100.9,2026-09-10 02:32:48
E8,poison0.3_fedavg,44,./outputs/results/E8/poison0.3_fedavg/seed44,0.9396,0.9396,0.6501,0.6344,41,105.0,2026-09-10 02:34:33
E8,poison0.3_median,42,./outputs/results/E8/poison0.3_median/seed42,0.9306,0.9306,0.8289,0.7804,194,97.7,2026-09-10 02:36:14
E8,poison0.3_median,43,./outputs/results/E8/poison0.3_median/seed43,0.9278,0.9278,0.8173,0.7895,139,101.1,2026-09-10 02:37:55
E8,poison0.3_median,44,./outputs/results/E8/poison0.3_median/seed44,0.9396,0.9396,0.7039,0.6672,57,101.6,2026-09-10 02:39:37
E8,dp_sigma0.01,42,./outputs/results/E8/dp_sigma0.01/seed42,0.9306,0.9306,0.8671,0.8483,177,93.8,2026-09-10 02:41:13
E8,dp_sigma0.01,43,./outputs/results/E8/dp_sigma0.01/seed43,0.9278,0.9278,0.8457,0.828,155,97.0,2026-09-10 02:42:50
E8,dp_sigma0.01,44,./outputs/results/E8/dp_sigma0.01/seed44,0.9396,0.9396,0.8624,0.8383,24,94.0,2026-09-10 02:44:24
E8,dp_sigma0.1,42,./outputs/results/E8/dp_sigma0.1/seed42,0.9306,0.9306,0.8819,0.8682,160,99.1,2026-09-10 02:46:06
E8,dp_sigma0.1,43,./outputs/results/E8/dp_sigma0.1/seed43,0.9278,0.9278,0.8638,0.84,200,94.7,2026-09-10 02:47:41
E8,dp_sigma0.1,44,./outputs/results/E8/dp_sigma0.1/seed44,0.9396,0.9396,0.8664,0.847,109,96.6,2026-09-10 02:49:18
E9,dirichlet_a0.1,42,./outputs/results/E9/dirichlet_a0.1/seed42,0.9187,0.9187,0.8685,0.8452,59,120.6,2026-09-10 02:51:22
E9,dirichlet_a0.1,43,./outputs/results/E9/dirichlet_a0.1/seed43,0.9237,0.9237,0.8794,0.8527,96,126.5,2026-09-10 02:53:29
E9,dirichlet_a0.1,44,./outputs/results/E9/dirichlet_a0.1/seed44,0.9324,0.9324,0.8782,0.8383,52,149.9,2026-09-10 02:55:59
E9,dirichlet_a0.5,42,./outputs/results/E9/dirichlet_a0.5/seed42,0.9245,0.9245,0.8699,0.8125,30,167.3,2026-09-10 02:58:50
E9,dirichlet_a0.5,43,./outputs/results/E9/dirichlet_a0.5/seed43,0.9211,0.9211,0.8692,0.8048,59,191.9,2026-09-10 03:02:02
E9,dirichlet_a0.5,44,./outputs/results/E9/dirichlet_a0.5/seed44,0.9273,0.9273,0.7794,0.7057,42,187.2,2026-09-10 03:05:09
E9,dirichlet_a1.0,42,./outputs/results/E9/dirichlet_a1.0/seed42,0.9245,0.9245,0.8608,0.8001,153,172.1,2026-09-10 03:08:04
E9,dirichlet_a1.0,43,./outputs/results/E9/dirichlet_a1.0/seed43,0.9263,0.9263,0.9138,0.8681,42,164.8,2026-09-10 03:10:49
E9,dirichlet_a1.0,44,./outputs/results/E9/dirichlet_a1.0/seed44,0.9168,0.9168,0.8722,0.8132,66,187.2,2026-09-10 03:13:57
E5,clients5,42,./outputs/results/E5/clients5/seed42,0.9591,0.9591,0.8799,0.8258,198,95.1,2026-09-10 03:15:35
E5,clients5,43,./outputs/results/E5/clients5/seed43,0.9468,0.9468,0.6087,0.6279,94,87.9,2026-09-10 03:17:03
E5,clients5,44,./outputs/results/E5/clients5/seed44,0.9524,0.9524,0.8653,0.813,194,88.2,2026-09-10 03:18:31
E5,clients20,42,./outputs/results/E5/clients20/seed42,0.9537,0.9537,0.8355,0.8315,33,211.8,2026-09-10 03:22:07
E5,clients20,43,./outputs/results/E5/clients20/seed43,0.9493,0.9493,0.79,0.7774,45,225.9,2026-09-10 03:25:53
E5,clients20,44,./outputs/results/E5/clients20/seed44,0.9517,0.9517,0.7048,0.7364,36,221.4,2026-09-10 03:29:34
E5,clients50,42,./outputs/results/E5/clients50/seed42,0.9622,0.9622,0.8623,0.8438,28,849.1,2026-09-10 03:43:47
E5,clients50,43,./outputs/results/E5/clients50/seed43,0.9601,0.9601,0.8782,0.8532,51,533.3,2026-09-10 03:52:40
E5,clients50,44,./outputs/results/E5/clients50/seed44,0.9611,0.9611,0.8601,0.8369,44,538.0,2026-09-10 04:01:38
E6,zeta_final,42,./outputs/results/E6/zeta_final/seed42,0.9306,0.9306,0.8659,0.8464,115,97.0,2026-09-10 04:03:19
E1_2018,final,42,./outputs/results/E1_2018/final/seed42,0.9511,0.9511,0.8609,0.8733,190,127.8,2026-09-10 04:10:16
E1_2018,final,43,./outputs/results/E1_2018/final/seed43,0.9456,0.9456,0.862,0.8696,164,122.2,2026-09-10 04:12:18
E1_2018,final,44,./outputs/results/E1_2018/final/seed44,0.9527,0.9527,0.9111,0.9013,62,131.3,2026-09-10 04:14:29
E_LOFO_2018,Bot,42,./outputs/results/E_LOFO_2018/Bot/seed42,,,,,74,103.7,2026-09-10 04:16:19
E_LOFO_2018,Bot,43,./outputs/results/E_LOFO_2018/Bot/seed43,,,,,118,112.0,2026-09-10 04:18:14
E_LOFO_2018,Bot,44,./outputs/results/E_LOFO_2018/Bot/seed44,,,,,63,104.6,2026-09-10 04:20:01
E_LOFO_2018,Brute_Force_Web,42,./outputs/results/E_LOFO_2018/Brute_Force_Web/seed42,,,,,68,134.1,2026-09-10 04:22:23
E_LOFO_2018,Brute_Force_XSS,42,./outputs/results/E_LOFO_2018/Brute_Force_XSS/seed42,,,,,181,129.3,2026-09-10 04:24:32
E_LOFO_2018,DDOS_attackHOIC,42,./outputs/results/E_LOFO_2018/DDOS_attackHOIC/seed42,,,,,148,100.3,2026-09-10 04:26:12
E_LOFO_2018,DDOS_attackLOICUDP,42,./outputs/results/E_LOFO_2018/DDOS_attackLOICUDP/seed42,,,,,181,119.4,2026-09-10 04:28:12
E_LOFO_2018,DDoS_attacksLOICHTTP,42,./outputs/results/E_LOFO_2018/DDoS_attacksLOICHTTP/seed42,,,,,89,120.4,2026-09-10 04:30:12
E_LOFO_2018,DoS_attacksGoldenEye,42,./outputs/results/E_LOFO_2018/DoS_attacksGoldenEye/seed42,,,,,91,99.9,2026-09-10 04:31:52
E_LOFO_2018,DoS_attacksHulk,42,./outputs/results/E_LOFO_2018/DoS_attacksHulk/seed42,,,,,147,109.7,2026-09-10 04:33:42
E_LOFO_2018,DoS_attacksSlowHTTPTest,42,./outputs/results/E_LOFO_2018/DoS_attacksSlowHTTPTest/seed42,,,,,145,117.9,2026-09-10 04:35:39
E_LOFO_2018,DoS_attacksSlowloris,42,./outputs/results/E_LOFO_2018/DoS_attacksSlowloris/seed42,,,,,177,106.0,2026-09-10 04:37:25
E_LOFO_2018,FTPBruteForce,42,./outputs/results/E_LOFO_2018/FTPBruteForce/seed42,,,,,187,127.3,2026-09-10 04:39:33
E_LOFO_2018,Infilteration,42,./outputs/results/E_LOFO_2018/Infilteration/seed42,,,,,55,115.8,2026-09-10 04:41:29
E_LOFO_2018,SQL_Injection,42,./outputs/results/E_LOFO_2018/SQL_Injection/seed42,,,,,198,128.7,2026-09-10 04:43:37
E_LOFO_2018,SSHBruteforce,42,./outputs/results/E_LOFO_2018/SSHBruteforce/seed42,,,,,174,110.1,2026-09-10 04:45:27
E3,A1_laplacian,45,./outputs/results/E3/A1_laplacian/seed45,0.9221,0.917,,,,21.8,2026-09-10 04:46:10
E3,A1_laplacian,46,./outputs/results/E3/A1_laplacian/seed46,0.9145,0.9099,,,,21.2,2026-09-10 04:46:31
E3,A1_variance,45,./outputs/results/E3/A1_variance/seed45,0.927,0.9235,,,,21.4,2026-09-10 04:46:55
E3,A1_variance,46,./outputs/results/E3/A1_variance/seed46,0.9188,0.9172,,,,22.4,2026-09-10 04:47:18
E3,A1_rf_gini_v1legacy,45,./outputs/results/E3/A1_rf_gini_v1legacy/seed45,0.8756,0.8755,,,,22.8,2026-09-10 04:47:43
E3,A1_rf_gini_v1legacy,46,./outputs/results/E3/A1_rf_gini_v1legacy/seed46,0.8774,0.8703,,,,21.5,2026-09-10 04:48:04
E3,A1_all_features,45,./outputs/results/E3/A1_all_features/seed45,0.9286,0.9257,,,,25.6,2026-09-10 04:48:33
E3,A1_all_features,46,./outputs/results/E3/A1_all_features/seed46,0.9192,0.9171,,,,21.3,2026-09-10 04:48:54
E3,A6_pca2d_v1legacy,45,./outputs/results/E3/A6_pca2d_v1legacy/seed45,0.908,0.9059,,,,22.2,2026-09-10 04:49:19
E3,A6_pca2d_v1legacy,46,./outputs/results/E3/A6_pca2d_v1legacy/seed46,0.9023,0.9025,,,,22.0,2026-09-10 04:49:41
E3,A9_k2,45,./outputs/results/E3/A9_k2/seed45,0.7275,0.7273,,,,22.6,2026-09-10 04:50:07
E3,A9_k2,46,./outputs/results/E3/A9_k2/seed46,0.7287,0.7288,,,,30.6,2026-09-10 04:50:37
E3,A9_k4,45,./outputs/results/E3/A9_k4/seed45,0.8577,0.8566,,,,23.8,2026-09-10 04:51:04
E3,A9_k4,46,./outputs/results/E3/A9_k4/seed46,0.8572,0.8573,,,,21.6,2026-09-10 04:51:25
E3,A9_k8,45,./outputs/results/E3/A9_k8/seed45,0.9115,0.9058,,,,24.1,2026-09-10 04:51:52
E3,A9_k8,46,./outputs/results/E3/A9_k8/seed46,0.897,0.8915,,,,24.2,2026-09-10 04:52:16
E3,A9_k16,45,./outputs/results/E3/A9_k16/seed45,0.9423,0.9373,,,,31.6,2026-09-10 04:52:52
E3,A9_k16,46,./outputs/results/E3/A9_k16/seed46,0.929,0.9273,,,,28.9,2026-09-10 04:53:21
E3,A9_k20,45,./outputs/results/E3/A9_k20/seed45,0.9387,0.9362,,,,24.4,2026-09-10 04:53:48
E3,A9_k20,46,./outputs/results/E3/A9_k20/seed46,0.9364,0.9335,,,,22.2,2026-09-10 04:54:10
E3,A8_R0,45,./outputs/results/E3/A8_R0/seed45,0.929,0.929,0.8421,0.8202,33,98.6,2026-09-10 04:55:52
E3,A8_R0,46,./outputs/results/E3/A8_R0/seed46,0.9183,0.9183,0.8452,0.8265,68,93.9,2026-09-10 04:57:26
E3,A8_R1,45,./outputs/results/E3/A8_R1/seed45,0.929,0.9269,0.8148,0.7858,7,169.1,2026-09-10 05:00:18
E3,A8_R1,46,./outputs/results/E3/A8_R1/seed46,0.9183,0.9162,0.8172,0.79,1,175.7,2026-09-10 05:03:14
E3,A8_R5,45,./outputs/results/E3/A8_R5/seed45,0.929,0.9245,0.8231,0.7963,24,316.4,2026-09-10 05:08:33
E3,A8_R5,46,./outputs/results/E3/A8_R5/seed46,0.9183,0.9136,0.8172,0.79,1,301.0,2026-09-10 05:13:34
E3,A3_no_refinement_no_curation,45,./outputs/results/E3/A3_no_refinement_no_curation/seed45,0.929,0.929,0.8089,0.7937,40,308.8,2026-09-10 05:18:46
E3,A3_no_refinement_no_curation,46,./outputs/results/E3/A3_no_refinement_no_curation/seed46,0.9183,0.9183,0.8181,0.8021,11,300.4,2026-09-10 05:23:46
E3,A3_naive_selftraining,45,./outputs/results/E3/A3_naive_selftraining/seed45,0.929,0.8587,0.8147,0.7857,11,283.2,2026-09-10 05:28:33
E3,A3_naive_selftraining,46,./outputs/results/E3/A3_naive_selftraining/seed46,0.9183,0.8295,0.814,0.7859,1,298.1,2026-09-10 05:33:31
E3,A4_global_threshold,45,./outputs/results/E3/A4_global_threshold/seed45,0.929,0.9249,0.8185,0.7903,16,285.2,2026-09-10 05:38:19
E3,A4_global_threshold,46,./outputs/results/E3/A4_global_threshold/seed46,0.9183,0.9141,0.8218,0.7955,13,304.3,2026-09-10 05:43:23
E3,A5_bce,45,./outputs/results/E3/A5_bce/seed45,0.929,0.9247,0.8263,0.8002,41,260.8,2026-09-10 05:47:47
E3,A5_bce,46,./outputs/results/E3/A5_bce/seed46,0.9183,0.914,0.8171,0.79,1,271.2,2026-09-10 05:52:19
E3,A5_logit_adjusted,45,./outputs/results/E3/A5_logit_adjusted/seed45,0.929,0.9245,0.8185,0.7904,23,256.4,2026-09-10 05:56:38
E3,A5_logit_adjusted,46,./outputs/results/E3/A5_logit_adjusted/seed46,0.9183,0.914,0.8164,0.7894,1,274.5,2026-09-10 06:01:13
E3,A10_train_on_all,45,./outputs/results/E3/A10_train_on_all/seed45,0.929,0.9252,0.8118,0.7943,26,319.5,2026-09-10 06:06:36
E3,A10_train_on_all,46,./outputs/results/E3/A10_train_on_all/seed46,0.9183,0.9148,0.8321,0.8092,22,313.6,2026-09-10 06:11:49
E3,A7_fedavg_mu0,45,./outputs/results/E3/A7_fedavg_mu0/seed45,0.929,0.9252,0.8249,0.7995,18,196.4,2026-09-10 06:15:08
E3,A7_fedavg_mu0,46,./outputs/results/E3/A7_fedavg_mu0/seed46,0.9183,0.9148,0.8172,0.789,1,207.4,2026-09-10 06:18:36
E3,A7_fedprox_mu01,45,./outputs/results/E3/A7_fedprox_mu01/seed45,0.929,0.9252,0.8185,0.7916,8,259.8,2026-09-10 06:22:58
E3,A7_fedprox_mu01,46,./outputs/results/E3/A7_fedprox_mu01/seed46,0.9183,0.9148,0.8213,0.7947,10,268.5,2026-09-10 06:27:27
E3,A7_no_ema,45,./outputs/results/E3/A7_no_ema/seed45,0.929,0.9252,0.8222,0.7967,2,267.0,2026-09-10 06:31:58
E3,A7_no_ema,46,./outputs/results/E3/A7_no_ema/seed46,0.9183,0.9148,0.8172,0.7894,1,263.5,2026-09-10 06:36:22
E3,A7_selection_last,45,./outputs/results/E3/A7_selection_last/seed45,0.929,0.9252,0.3527,0.5565,200,257.9,2026-09-10 06:40:42
E3,A7_selection_last,46,./outputs/results/E3/A7_selection_last/seed46,0.9183,0.9148,0.4031,0.594,200,265.4,2026-09-10 06:45:08
E3,A7_lr1e3_v1legacy,45,./outputs/results/E3/A7_lr1e3_v1legacy/seed45,0.929,0.9252,0.8316,0.8097,200,253.5,2026-09-10 06:49:24
E3,A7_lr1e3_v1legacy,46,./outputs/results/E3/A7_lr1e3_v1legacy/seed46,0.9183,0.9148,0.815,0.7864,2,273.4,2026-09-10 06:53:57
SMOKE_ICC,noise,42,./outputs/results/SMOKE_ICC/noise/seed42,0.9191,0.918,0.7885,0.7615,5,32.3,2026-09-11 17:56:16
SMOKE_ICC,sample,42,./outputs/results/SMOKE_ICC/sample/seed42,0.9191,0.918,0.3702,0.5907,5,25.9,2026-09-11 17:56:46
SMOKE_ICC,topk,42,./outputs/results/SMOKE_ICC/topk/seed42,0.9191,0.918,0.1925,0.4934,5,28.4,2026-09-11 17:57:16
E11,rho_0.00,42,./outputs/results/E11/rho_0.00/seed42,0.9306,0.9306,0.8659,0.8464,115,107.1,2026-09-11 18:00:14
E11,rho_0.00,43,./outputs/results/E11/rho_0.00/seed43,0.9278,0.9278,0.8447,0.8264,144,96.5,2026-09-11 18:01:51
E11,rho_0.00,44,./outputs/results/E11/rho_0.00/seed44,0.9396,0.9396,0.8629,0.8389,24,99.0,2026-09-11 18:03:30
E11,rho_0.00,45,./outputs/results/E11/rho_0.00/seed45,0.9423,0.9423,0.8808,0.8633,30,97.6,2026-09-11 18:05:07
E11,rho_0.00,46,./outputs/results/E11/rho_0.00/seed46,0.929,0.929,0.8686,0.8462,32,102.0,2026-09-11 18:06:49
E11,rho_0.05,42,./outputs/results/E11/rho_0.05/seed42,0.9306,0.9306,0.8621,0.8407,88,106.4,2026-09-11 18:08:39
E11,rho_0.05,43,./outputs/results/E11/rho_0.05/seed43,0.9278,0.9278,0.831,0.8073,200,100.0,2026-09-11 18:10:19
E11,rho_0.05,44,./outputs/results/E11/rho_0.05/seed44,0.9396,0.9396,0.8665,0.8442,31,96.2,2026-09-11 18:11:55
E11,rho_0.05,45,./outputs/results/E11/rho_0.05/seed45,0.9423,0.9423,0.8573,0.8417,25,98.7,2026-09-11 18:13:34
E11,rho_0.05,46,./outputs/results/E11/rho_0.05/seed46,0.929,0.929,0.8388,0.8177,30,107.7,2026-09-11 18:15:22
E11,rho_0.10,42,./outputs/results/E11/rho_0.10/seed42,0.9306,0.9306,0.8686,0.8506,73,92.0,2026-09-11 18:16:57
E11,rho_0.10,43,./outputs/results/E11/rho_0.10/seed43,0.9278,0.9278,0.8341,0.8129,200,95.1,2026-09-11 18:18:32
E11,rho_0.10,44,./outputs/results/E11/rho_0.10/seed44,0.9396,0.9396,0.8662,0.8437,23,105.0,2026-09-11 18:20:17
E11,rho_0.10,45,./outputs/results/E11/rho_0.10/seed45,0.9423,0.9423,0.85,0.8315,23,104.3,2026-09-11 18:22:01
E11,rho_0.10,46,./outputs/results/E11/rho_0.10/seed46,0.929,0.929,0.8367,0.816,25,107.7,2026-09-11 18:23:49
E11,rho_0.15,42,./outputs/results/E11/rho_0.15/seed42,0.9306,0.9306,0.8681,0.8489,99,103.0,2026-09-11 18:25:36
E11,rho_0.15,43,./outputs/results/E11/rho_0.15/seed43,0.9278,0.9278,0.8326,0.8115,46,110.2,2026-09-11 18:27:26
E11,rho_0.15,44,./outputs/results/E11/rho_0.15/seed44,0.9396,0.9396,0.867,0.8448,23,98.3,2026-09-11 18:29:04
E11,rho_0.15,45,./outputs/results/E11/rho_0.15/seed45,0.9423,0.9423,0.8552,0.8391,21,101.3,2026-09-11 18:30:46
E11,rho_0.15,46,./outputs/results/E11/rho_0.15/seed46,0.929,0.929,0.839,0.8183,28,107.9,2026-09-11 18:32:34
E11,rho_0.20,42,./outputs/results/E11/rho_0.20/seed42,0.9306,0.9306,0.8684,0.8493,83,95.3,2026-09-11 18:34:12
E11,rho_0.20,43,./outputs/results/E11/rho_0.20/seed43,0.9278,0.9278,0.8425,0.8256,103,102.4,2026-09-11 18:35:55
E11,rho_0.20,44,./outputs/results/E11/rho_0.20/seed44,0.9396,0.9396,0.8677,0.846,26,91.8,2026-09-11 18:37:26
E11,rho_0.20,45,./outputs/results/E11/rho_0.20/seed45,0.9423,0.9423,0.8769,0.8582,27,90.5,2026-09-11 18:38:57
E11,rho_0.20,46,./outputs/results/E11/rho_0.20/seed46,0.929,0.929,0.8383,0.8184,29,99.6,2026-09-11 18:40:36
E11,rho_0.30,42,./outputs/results/E11/rho_0.30/seed42,0.9306,0.9306,0.8671,0.8476,86,96.6,2026-09-11 18:42:17
E11,rho_0.30,43,./outputs/results/E11/rho_0.30/seed43,0.9278,0.9278,0.8678,0.8473,52,100.5,2026-09-11 18:43:58
E11,rho_0.30,44,./outputs/results/E11/rho_0.30/seed44,0.9396,0.9396,0.8728,0.8519,32,97.4,2026-09-11 18:45:35
E11,rho_0.30,45,./outputs/results/E11/rho_0.30/seed45,0.9423,0.9423,0.8813,0.8611,66,97.2,2026-09-11 18:47:12
E11,rho_0.30,46,./outputs/results/E11/rho_0.30/seed46,0.929,0.929,0.8731,0.8528,36,100.2,2026-09-11 18:48:53
E12,frac_0.2,42,./outputs/results/E12/frac_0.2/seed42,0.9306,0.9306,0.867,0.8478,134,29.3,2026-09-11 18:49:25
E12,frac_0.2,43,./outputs/results/E12/frac_0.2/seed43,0.9278,0.9278,0.8662,0.8447,140,29.0,2026-09-11 18:49:54
E12,frac_0.2,44,./outputs/results/E12/frac_0.2/seed44,0.9396,0.9396,0.8716,0.8522,195,31.0,2026-09-11 18:50:25
E12,frac_0.5,42,./outputs/results/E12/frac_0.5/seed42,0.9306,0.9306,0.8668,0.8479,177,50.3,2026-09-11 18:51:18
E12,frac_0.5,43,./outputs/results/E12/frac_0.5/seed43,0.9278,0.9278,0.8493,0.8304,132,48.8,2026-09-11 18:52:07
E12,frac_0.5,44,./outputs/results/E12/frac_0.5/seed44,0.9396,0.9396,0.8721,0.8525,129,56.1,2026-09-11 18:53:03
E13,epochs_2,42,./outputs/results/E13/epochs_2/seed42,0.9306,0.9306,0.862,0.8413,105,177.2,2026-09-11 18:56:03
E13,epochs_2,43,./outputs/results/E13/epochs_2/seed43,0.9278,0.9278,0.8471,0.8298,149,184.8,2026-09-11 18:59:08
E13,epochs_2,44,./outputs/results/E13/epochs_2/seed44,0.9396,0.9396,0.8646,0.8414,26,174.8,2026-09-11 19:02:03
E13,epochs_5,42,./outputs/results/E13/epochs_5/seed42,0.9306,0.9306,0.8582,0.8361,87,398.0,2026-09-11 19:08:43
E13,epochs_5,43,./outputs/results/E13/epochs_5/seed43,0.9278,0.9278,0.8473,0.8298,153,404.0,2026-09-11 19:15:27
E13,epochs_5,44,./outputs/results/E13/epochs_5/seed44,0.9396,0.9396,0.8661,0.8434,26,458.9,2026-09-11 19:23:06
E14,fp16,42,./outputs/results/E14/fp16/seed42,0.9306,0.9306,0.8659,0.8465,115,112.4,2026-09-11 19:25:06
E14,fp16,43,./outputs/results/E14/fp16/seed43,0.9278,0.9278,0.8447,0.8264,144,101.9,2026-09-11 19:26:48
E14,fp16,44,./outputs/results/E14/fp16/seed44,0.9396,0.9396,0.8629,0.8389,24,103.7,2026-09-11 19:28:32
E14,topk_0.1,42,./outputs/results/E14/topk_0.1/seed42,0.9306,0.9306,0.4606,0.6246,169,91.2,2026-09-11 19:30:06
E14,topk_0.1,43,./outputs/results/E14/topk_0.1/seed43,0.9278,0.9278,0.8172,0.7887,75,94.0,2026-09-11 19:31:40
E14,topk_0.1,44,./outputs/results/E14/topk_0.1/seed44,0.9396,0.9396,0.8294,0.8126,52,102.7,2026-09-11 19:33:23
E14,topk_0.01,42,./outputs/results/E14/topk_0.01/seed42,0.9306,0.9306,0.837,0.7777,6,93.2,2026-09-11 19:34:59
E14,topk_0.01,43,./outputs/results/E14/topk_0.01/seed43,0.9278,0.9278,0.8363,0.8052,4,93.9,2026-09-11 19:36:33
E14,topk_0.01,44,./outputs/results/E14/topk_0.01/seed44,0.9396,0.9396,0.4958,0.5914,19,98.5,2026-09-11 19:38:11
E15,a2b_0.05,42,./outputs/results/E15/a2b_0.05/seed42,0.9306,0.9306,0.8466,0.8305,28,107.1,2026-09-11 19:40:15
E15,a2b_0.05,43,./outputs/results/E15/a2b_0.05/seed43,0.9278,0.9278,0.8279,0.8088,176,97.9,2026-09-11 19:41:53
E15,a2b_0.05,44,./outputs/results/E15/a2b_0.05/seed44,0.9396,0.9396,0.8069,0.8023,60,96.0,2026-09-11 19:43:29
E15,a2b_0.05,45,./outputs/results/E15/a2b_0.05/seed45,0.9423,0.9423,0.8184,0.8167,37,100.7,2026-09-11 19:45:09
E15,a2b_0.05,46,./outputs/results/E15/a2b_0.05/seed46,0.929,0.929,0.818,0.8044,43,94.3,2026-09-11 19:46:44
E15,a2b_0.10,42,./outputs/results/E15/a2b_0.10/seed42,0.9306,0.9306,0.7781,0.7897,45,96.6,2026-09-11 19:48:24
E15,a2b_0.10,43,./outputs/results/E15/a2b_0.10/seed43,0.9278,0.9278,0.7984,0.7942,137,93.8,2026-09-11 19:49:57
E15,a2b_0.10,44,./outputs/results/E15/a2b_0.10/seed44,0.9396,0.9396,0.752,0.7553,38,105.2,2026-09-11 19:51:43
E15,a2b_0.10,45,./outputs/results/E15/a2b_0.10/seed45,0.9423,0.9423,0.613,0.6946,57,111.9,2026-09-11 19:53:34
E15,a2b_0.10,46,./outputs/results/E15/a2b_0.10/seed46,0.929,0.929,0.7845,0.7806,56,100.7,2026-09-11 19:55:15
E15,a2b_0.20,42,./outputs/results/E15/a2b_0.20/seed42,0.9306,0.9306,0.2438,0.5314,46,109.0,2026-09-11 19:57:07
E15,a2b_0.20,43,./outputs/results/E15/a2b_0.20/seed43,0.9278,0.9278,0.3523,0.5554,127,100.0,2026-09-11 19:58:47
E15,a2b_0.20,44,./outputs/results/E15/a2b_0.20/seed44,0.9396,0.9396,0.3785,0.5618,127,101.6,2026-09-11 20:00:29
E15,a2b_0.20,45,./outputs/results/E15/a2b_0.20/seed45,0.9423,0.9423,0.2244,0.4952,71,107.8,2026-09-11 20:02:17
E15,a2b_0.20,46,./outputs/results/E15/a2b_0.20/seed46,0.929,0.929,0.3688,0.55,192,102.9,2026-09-11 20:04:00
E15,b2a_0.10,42,./outputs/results/E15/b2a_0.10/seed42,0.9306,0.9306,0.8649,0.8333,186,107.3,2026-09-11 20:05:55
E15,b2a_0.10,43,./outputs/results/E15/b2a_0.10/seed43,0.9278,0.9278,0.8454,0.8143,4,109.6,2026-09-11 20:07:44
E15,b2a_0.10,44,./outputs/results/E15/b2a_0.10/seed44,0.9396,0.9396,0.8728,0.844,116,138.4,2026-09-11 20:10:03
E15,b2a_0.10,45,./outputs/results/E15/b2a_0.10/seed45,0.9423,0.9423,0.8865,0.8633,192,101.8,2026-09-11 20:11:44
E15,b2a_0.10,46,./outputs/results/E15/b2a_0.10/seed46,0.929,0.929,0.8723,0.8401,187,128.2,2026-09-11 20:13:53
REPRO_CHECK,current_code,42,./outputs/results/REPRO_CHECK/current_code/seed42,0.9306,0.9306,0.8659,0.8464,115,108.4,2026-09-11 20:14:57
REPRO_CHECK,v2,42,./outputs/results/REPRO_CHECK/v2/seed42,0.9306,0.9306,0.8659,0.8464,115,113.8,2026-09-11 22:27:48
SMOKE2,wsup,42,./outputs/results/SMOKE2/wsup/seed42,0.9306,0.9306,0.7172,0.7266,5,12.6,2026-09-11 22:28:52
SMOKE2,tkef,42,./outputs/results/SMOKE2/tkef/seed42,0.9306,0.9306,0.7154,0.7277,7,10.2,2026-09-11 22:29:18
E16,sup_balanced_mu10,42,./outputs/results/E16/sup_balanced_mu10/seed42,0.9306,0.9306,0.859,0.8366,78,101.1,2026-09-11 22:31:07
E16,sup_balanced_mu10,43,./outputs/results/E16/sup_balanced_mu10/seed43,0.9278,0.9278,0.8677,0.8457,113,100.7,2026-09-11 22:32:48
E16,sup_balanced_mu10,44,./outputs/results/E16/sup_balanced_mu10/seed44,0.9396,0.9396,0.8683,0.8463,25,107.8,2026-09-11 22:34:35
E16,sup_balanced_mu10,45,./outputs/results/E16/sup_balanced_mu10/seed45,0.9423,0.9423,0.8815,0.865,69,101.9,2026-09-11 22:36:17
E16,sup_balanced_mu10,46,./outputs/results/E16/sup_balanced_mu10/seed46,0.929,0.929,0.8716,0.854,173,105.1,2026-09-11 22:38:02
E16,sup_balanced_mu0,42,./outputs/results/E16/sup_balanced_mu0/seed42,0.9306,0.9306,0.7349,0.7605,76,78.1,2026-09-11 22:39:24
E16,sup_balanced_mu0,43,./outputs/results/E16/sup_balanced_mu0/seed43,0.9278,0.9278,0.8323,0.816,90,73.6,2026-09-11 22:40:37
E16,sup_balanced_mu0,44,./outputs/results/E16/sup_balanced_mu0/seed44,0.9396,0.9396,0.8522,0.8249,8,73.7,2026-09-11 22:41:51
E16,sup_balanced_mu0,45,./outputs/results/E16/sup_balanced_mu0/seed45,0.9423,0.9423,0.7314,0.7656,34,80.8,2026-09-11 22:43:12
E16,sup_balanced_mu0,46,./outputs/results/E16/sup_balanced_mu0/seed46,0.929,0.929,0.8443,0.8242,18,75.2,2026-09-11 22:44:27
E16,sup_balanced_allrows,42,./outputs/results/E16/sup_balanced_allrows/seed42,0.9306,0.9306,0.4727,0.6578,200,324.4,2026-09-11 22:49:55
E16,sup_balanced_allrows,43,./outputs/results/E16/sup_balanced_allrows/seed43,0.9278,0.9278,0.4605,0.6391,200,321.3,2026-09-11 22:55:16
E16,sup_balanced_allrows,44,./outputs/results/E16/sup_balanced_allrows/seed44,0.9396,0.9396,0.4572,0.6504,200,421.0,2026-09-11 23:02:17
E16,sup_balanced_allrows,45,./outputs/results/E16/sup_balanced_allrows/seed45,0.9423,0.9423,0.4569,0.6425,199,369.4,2026-09-11 23:08:27
E16,sup_balanced_allrows,46,./outputs/results/E16/sup_balanced_allrows/seed46,0.929,0.929,0.396,0.6032,200,429.0,2026-09-11 23:15:36
E16,sup_balanced_lr1e3,42,./outputs/results/E16/sup_balanced_lr1e3/seed42,0.9306,0.9306,0.8299,0.8129,91,125.5,2026-09-11 23:17:53
E16,sup_balanced_lr1e3,43,./outputs/results/E16/sup_balanced_lr1e3/seed43,0.9278,0.9278,0.8626,0.8403,188,136.5,2026-09-11 23:20:09
E16,sup_balanced_lr1e3,44,./outputs/results/E16/sup_balanced_lr1e3/seed44,0.9396,0.9396,0.8682,0.8478,164,125.1,2026-09-11 23:22:14
E16,sup_balanced_lr1e3,45,./outputs/results/E16/sup_balanced_lr1e3/seed45,0.9423,0.9423,0.8818,0.8655,139,133.2,2026-09-11 23:24:28
E16,sup_balanced_lr1e3,46,./outputs/results/E16/sup_balanced_lr1e3/seed46,0.929,0.929,0.875,0.8567,173,114.7,2026-09-11 23:26:22
E16,sup_unweighted_allrows,42,./outputs/results/E16/sup_unweighted_allrows/seed42,0.9306,0.9306,0.7958,0.7727,9,403.5,2026-09-11 23:33:09
E16,sup_unweighted_allrows,43,./outputs/results/E16/sup_unweighted_allrows/seed43,0.9278,0.9278,0.8254,0.8023,6,384.4,2026-09-11 23:39:34
E16,sup_unweighted_allrows,44,./outputs/results/E16/sup_unweighted_allrows/seed44,0.9396,0.9396,0.7972,0.7719,3,327.7,2026-09-11 23:45:02
E16,sup_unweighted_allrows,45,./outputs/results/E16/sup_unweighted_allrows/seed45,0.9423,0.9423,0.824,0.8,4,362.9,2026-09-11 23:51:05
E16,sup_unweighted_allrows,46,./outputs/results/E16/sup_unweighted_allrows/seed46,0.929,0.929,0.8034,0.7844,10,406.0,2026-09-11 23:57:51
E17,clusterfed,42,./outputs/results/E17/clusterfed/seed42,0.9306,0.9306,0.8659,0.8464,115,115.0,2026-09-11 23:59:49
E17,clusterfed,43,./outputs/results/E17/clusterfed/seed43,0.9278,0.9278,0.8447,0.8264,144,108.8,2026-09-12 00:01:38
E17,clusterfed,44,./outputs/results/E17/clusterfed/seed44,0.9396,0.9396,0.8629,0.8389,24,106.9,2026-09-12 00:03:25
E17,clusterfed,45,./outputs/results/E17/clusterfed/seed45,0.9423,0.9423,0.8808,0.8633,30,102.5,2026-09-12 00:05:08
E17,clusterfed,46,./outputs/results/E17/clusterfed/seed46,0.929,0.929,0.8686,0.8462,32,94.2,2026-09-12 00:06:42
E17,clusterfed,47,./outputs/results/E17/clusterfed/seed47,0.9273,0.9273,0.8783,0.8505,72,119.2,2026-09-12 00:08:41
E17,clusterfed,48,./outputs/results/E17/clusterfed/seed48,0.9241,0.9241,0.8539,0.8249,26,111.5,2026-09-12 00:10:33
E17,clusterfed,49,./outputs/results/E17/clusterfed/seed49,0.9387,0.9387,0.871,0.8517,104,124.7,2026-09-12 00:12:37
E17,clusterfed,50,./outputs/results/E17/clusterfed/seed50,0.931,0.931,0.8658,0.8455,36,110.3,2026-09-12 00:14:28
E17,clusterfed,51,./outputs/results/E17/clusterfed/seed51,0.9289,0.9289,0.8617,0.8386,40,129.1,2026-09-12 00:16:37
E17,supervised,42,./outputs/results/E17/supervised/seed42,0.9306,0.9306,0.8592,0.8368,80,107.7,2026-09-12 00:18:41
E17,supervised,43,./outputs/results/E17/supervised/seed43,0.9278,0.9278,0.8672,0.845,124,110.5,2026-09-12 00:20:31
E17,supervised,44,./outputs/results/E17/supervised/seed44,0.9396,0.9396,0.871,0.8527,198,92.0,2026-09-12 00:22:03
E17,supervised,45,./outputs/results/E17/supervised/seed45,0.9423,0.9423,0.8819,0.8656,71,93.8,2026-09-12 00:23:37
E17,supervised,46,./outputs/results/E17/supervised/seed46,0.929,0.929,0.8722,0.8548,188,97.4,2026-09-12 00:25:14
E17,supervised,47,./outputs/results/E17/supervised/seed47,0.9273,0.9273,0.857,0.8299,26,93.5,2026-09-12 00:26:48
E17,supervised,48,./outputs/results/E17/supervised/seed48,0.9241,0.9241,0.8704,0.8472,116,93.8,2026-09-12 00:28:22
E17,supervised,49,./outputs/results/E17/supervised/seed49,0.9387,0.9387,0.8572,0.8396,72,98.1,2026-09-12 00:30:00
E17,supervised,50,./outputs/results/E17/supervised/seed50,0.931,0.931,0.8733,0.8543,42,98.0,2026-09-12 00:31:38
E17,supervised,51,./outputs/results/E17/supervised/seed51,0.9289,0.9289,0.8692,0.848,37,93.6,2026-09-12 00:33:11
E17,legacy,42,./outputs/results/E17/legacy/seed42,0.7403,0.7403,0.7073,0.6964,200,244.8,2026-09-12 00:37:20
E17,legacy,43,./outputs/results/E17/legacy/seed43,0.7856,0.7856,0.7214,0.7058,200,254.7,2026-09-12 00:41:34
E17,legacy,44,./outputs/results/E17/legacy/seed44,0.7407,0.7407,0.7067,0.6951,200,270.0,2026-09-12 00:46:04
E17,legacy,45,./outputs/results/E17/legacy/seed45,0.7896,0.7896,0.7492,0.7239,200,249.3,2026-09-12 00:50:14
E17,legacy,46,./outputs/results/E17/legacy/seed46,0.7862,0.7862,0.7212,0.7056,200,266.8,2026-09-12 00:54:40
E17,legacy,47,./outputs/results/E17/legacy/seed47,0.7902,0.7902,0.751,0.7241,200,244.5,2026-09-12 00:58:45
E17,legacy,48,./outputs/results/E17/legacy/seed48,0.7616,0.7616,0.7451,0.7186,200,256.6,2026-09-12 01:03:01
E17,legacy,49,./outputs/results/E17/legacy/seed49,0.7906,0.7906,0.7843,0.754,200,265.0,2026-09-12 01:07:26
E17,legacy,50,./outputs/results/E17/legacy/seed50,0.7249,0.7249,0.705,0.6927,200,252.1,2026-09-12 01:11:39
E17,legacy,51,./outputs/results/E17/legacy/seed51,0.7597,0.7597,0.7462,0.7205,200,276.4,2026-09-12 01:16:15
E18,topk_0.1_ef,42,./outputs/results/E18/topk_0.1_ef/seed42,0.9306,0.9306,0.8676,0.8489,110,95.2,2026-09-12 01:17:53
E18,topk_0.1_ef,43,./outputs/results/E18/topk_0.1_ef/seed43,0.9278,0.9278,0.8615,0.8382,51,99.4,2026-09-12 01:19:33
E18,topk_0.1_ef,44,./outputs/results/E18/topk_0.1_ef/seed44,0.9396,0.9396,0.8636,0.8397,20,102.0,2026-09-12 01:21:15
E18,topk_0.01_ef,42,./outputs/results/E18/topk_0.01_ef/seed42,0.9306,0.9306,0.8659,0.8468,110,94.1,2026-09-12 01:22:52
E18,topk_0.01_ef,43,./outputs/results/E18/topk_0.01_ef/seed43,0.9278,0.9278,0.8522,0.8243,51,95.1,2026-09-12 01:24:27
E18,topk_0.01_ef,44,./outputs/results/E18/topk_0.01_ef/seed44,0.9396,0.9396,0.8743,0.8584,152,98.0,2026-09-12 01:26:05
E19,B1_zhao_dynamic_threshold,42,./outputs/results/E19/B1_zhao_dynamic_threshold/seed42,,,0.3423,0.5525,191,354.6,2026-09-12 01:32:09
E19,B3_cbafed_class_balanced,42,./outputs/results/E19/B3_cbafed_class_balanced/seed42,,,0.6418,0.7295,48,326.7,2026-09-12 01:37:36
E19,B4_fedmse_autoencoder,42,./outputs/results/E19/B4_fedmse_autoencoder/seed42,,,0.4318,0.6253,-1,2.0,2026-09-12 01:37:38
E19,B5_fedups_uncertainty,42,./outputs/results/E19/B5_fedups_uncertainty/seed42,,,0.8315,0.8117,2,480.3,2026-09-12 01:45:38
E19,B1_zhao_dynamic_threshold,43,./outputs/results/E19/B1_zhao_dynamic_threshold/seed43,,,0.3787,0.5748,157,327.7,2026-09-12 01:51:11
E19,B3_cbafed_class_balanced,43,./outputs/results/E19/B3_cbafed_class_balanced/seed43,,,0.7474,0.7641,40,328.0,2026-09-12 01:56:39
E19,B4_fedmse_autoencoder,43,./outputs/results/E19/B4_fedmse_autoencoder/seed43,,,0.4201,0.6094,-1,1.9,2026-09-12 01:56:41
E19,B5_fedups_uncertainty,43,./outputs/results/E19/B5_fedups_uncertainty/seed43,,,0.8561,0.8401,2,522.3,2026-09-12 02:05:23
E19,B1_zhao_dynamic_threshold,44,./outputs/results/E19/B1_zhao_dynamic_threshold/seed44,,,0.8321,0.8126,9,341.8,2026-09-12 02:11:10
E19,B3_cbafed_class_balanced,44,./outputs/results/E19/B3_cbafed_class_balanced/seed44,,,0.8166,0.7885,13,331.9,2026-09-12 02:16:42
E19,B4_fedmse_autoencoder,44,./outputs/results/E19/B4_fedmse_autoencoder/seed44,,,0.4285,0.6214,-1,1.9,2026-09-12 02:16:43
E19,B5_fedups_uncertainty,44,./outputs/results/E19/B5_fedups_uncertainty/seed44,,,0.8382,0.8182,2,519.0,2026-09-12 02:25:22
E19,B1_zhao_dynamic_threshold,45,./outputs/results/E19/B1_zhao_dynamic_threshold/seed45,,,0.8274,0.8046,77,366.8,2026-09-12 02:31:35
E19,B3_cbafed_class_balanced,45,./outputs/results/E19/B3_cbafed_class_balanced/seed45,,,0.6271,0.7022,53,324.6,2026-09-12 02:37:00
E19,B4_fedmse_autoencoder,45,./outputs/results/E19/B4_fedmse_autoencoder/seed45,,,0.4308,0.6211,-1,2.2,2026-09-12 02:37:02
E19,B5_fedups_uncertainty,45,./outputs/results/E19/B5_fedups_uncertainty/seed45,,,0.8415,0.8191,2,553.7,2026-09-12 02:46:15
E19,B1_zhao_dynamic_threshold,46,./outputs/results/E19/B1_zhao_dynamic_threshold/seed46,,,0.8328,0.8114,114,346.2,2026-09-12 02:52:09
E19,B3_cbafed_class_balanced,46,./outputs/results/E19/B3_cbafed_class_balanced/seed46,,,0.4193,0.6122,20,341.8,2026-09-12 02:57:51
E19,B4_fedmse_autoencoder,46,./outputs/results/E19/B4_fedmse_autoencoder/seed46,,,0.4257,0.6151,-1,1.9,2026-09-12 02:57:53
E19,B5_fedups_uncertainty,46,./outputs/results/E19/B5_fedups_uncertainty/seed46,,,0.8682,0.8459,2,531.1,2026-09-12 03:06:44
E17,supervised_balanced,42,./outputs/results/E17/supervised_balanced/seed42,0.9306,0.9306,0.859,0.8366,78,112.9,2026-09-12 03:08:42
E17,supervised_balanced,43,./outputs/results/E17/supervised_balanced/seed43,0.9278,0.9278,0.8677,0.8457,113,104.4,2026-09-12 03:10:27
E17,supervised_balanced,44,./outputs/results/E17/supervised_balanced/seed44,0.9396,0.9396,0.8683,0.8463,25,98.0,2026-09-12 03:12:05
E17,supervised_balanced,45,./outputs/results/E17/supervised_balanced/seed45,0.9423,0.9423,0.8815,0.865,69,95.8,2026-09-12 03:13:41
E17,supervised_balanced,46,./outputs/results/E17/supervised_balanced/seed46,0.929,0.929,0.8716,0.854,173,96.4,2026-09-12 03:15:17
E17,supervised_balanced,47,./outputs/results/E17/supervised_balanced/seed47,0.9273,0.9273,0.8634,0.8394,50,96.7,2026-09-12 03:16:54
E17,supervised_balanced,48,./outputs/results/E17/supervised_balanced/seed48,0.9241,0.9241,0.8695,0.8462,99,104.3,2026-09-12 03:18:38
E17,supervised_balanced,49,./outputs/results/E17/supervised_balanced/seed49,0.9387,0.9387,0.8008,0.8199,164,96.5,2026-09-12 03:20:15
E17,supervised_balanced,50,./outputs/results/E17/supervised_balanced/seed50,0.931,0.931,0.8751,0.8563,152,99.4,2026-09-12 03:21:54
E17,supervised_balanced,51,./outputs/results/E17/supervised_balanced/seed51,0.9289,0.9289,0.8733,0.8565,198,97.0,2026-09-12 03:23:31
E20,global_threshold,42,./outputs/results/E20/global_threshold/seed42,0.9306,0.9306,0.8587,0.836,193,178.5,2026-09-12 03:26:52
E20,global_threshold,43,./outputs/results/E20/global_threshold/seed43,0.9278,0.9278,0.8631,0.8384,198,170.1,2026-09-12 03:29:42
E20,global_threshold,44,./outputs/results/E20/global_threshold/seed44,0.9396,0.9396,0.8483,0.8162,19,180.6,2026-09-12 03:32:43
E20,global_threshold,45,./outputs/results/E20/global_threshold/seed45,0.9423,0.9423,0.8775,0.8478,172,185.1,2026-09-12 03:35:48
E20,global_threshold,46,./outputs/results/E20/global_threshold/seed46,0.929,0.929,0.8737,0.8529,192,167.3,2026-09-12 03:38:35
E20,no_ema,42,./outputs/results/E20/no_ema/seed42,0.9306,0.9306,0.8649,0.8457,91,96.8,2026-09-12 03:40:15
E20,no_ema,43,./outputs/results/E20/no_ema/seed43,0.9278,0.9278,0.8455,0.828,149,92.8,2026-09-12 03:41:48
E20,no_ema,44,./outputs/results/E20/no_ema/seed44,0.9396,0.9396,0.8723,0.8523,7,106.5,2026-09-12 03:43:35
E20,no_ema,45,./outputs/results/E20/no_ema/seed45,0.9423,0.9423,0.8484,0.8448,71,105.8,2026-09-12 03:45:21
E20,no_ema,46,./outputs/results/E20/no_ema/seed46,0.929,0.929,0.8361,0.8223,71,93.4,2026-09-12 03:46:54
E20,selection_last,42,./outputs/results/E20/selection_last/seed42,0.9306,0.9306,0.859,0.8363,200,99.7,2026-09-12 03:48:37
E20,selection_last,43,./outputs/results/E20/selection_last/seed43,0.9278,0.9278,0.8452,0.827,200,98.8,2026-09-12 03:50:16
E20,selection_last,44,./outputs/results/E20/selection_last/seed44,0.9396,0.9396,0.8695,0.8485,200,95.2,2026-09-12 03:51:51
E20,selection_last,45,./outputs/results/E20/selection_last/seed45,0.9423,0.9423,0.8702,0.8565,200,94.8,2026-09-12 03:53:26
E20,selection_last,46,./outputs/results/E20/selection_last/seed46,0.929,0.929,0.8395,0.8272,200,104.9,2026-09-12 03:55:11
E20,train_on_all,42,./outputs/results/E20/train_on_all/seed42,0.9306,0.9306,0.8532,0.8391,23,367.6,2026-09-12 04:01:22
E20,train_on_all,43,./outputs/results/E20/train_on_all/seed43,0.9278,0.9278,0.8355,0.815,26,383.6,2026-09-12 04:07:45
E20,train_on_all,44,./outputs/results/E20/train_on_all/seed44,0.9396,0.9396,0.8138,0.7921,8,335.8,2026-09-12 04:13:21
E20,train_on_all,45,./outputs/results/E20/train_on_all/seed45,0.9423,0.9423,0.8315,0.8083,13,2275.9,2026-09-12 04:51:17
E20,train_on_all,46,./outputs/results/E20/train_on_all/seed46,0.929,0.929,0.8353,0.8138,7,1210.6,2026-09-12 05:11:28
E20,refine_R3,42,./outputs/results/E20/refine_R3/seed42,0.9306,0.9281,0.8358,0.8142,33,253.4,2026-09-12 05:15:44
E20,refine_R3,43,./outputs/results/E20/refine_R3/seed43,0.9278,0.9255,0.8167,0.7893,10,292.3,2026-09-12 05:20:37
E20,refine_R3,44,./outputs/results/E20/refine_R3/seed44,0.9396,0.9376,0.8163,0.789,7,268.9,2026-09-12 05:25:06
E20,refine_R3,45,./outputs/results/E20/refine_R3/seed45,0.9423,0.9373,0.8314,0.8073,34,270.1,2026-09-12 05:29:36
E20,refine_R3,46,./outputs/results/E20/refine_R3/seed46,0.929,0.9273,0.817,0.7898,4,253.0,2026-09-12 05:33:49
E20,k2_binary,42,./outputs/results/E20/k2_binary/seed42,0.7259,0.7259,0.7473,0.7415,46,93.0,2026-09-12 05:35:25
E20,k2_binary,43,./outputs/results/E20/k2_binary/seed43,0.7251,0.7251,0.7429,0.7329,33,96.7,2026-09-12 05:37:02
E20,k2_binary,44,./outputs/results/E20/k2_binary/seed44,0.7294,0.7294,0.8243,0.7714,198,96.6,2026-09-12 05:38:39
E20,k2_binary,45,./outputs/results/E20/k2_binary/seed45,0.7275,0.7275,0.8229,0.7734,166,99.6,2026-09-12 05:40:18
E20,k2_binary,46,./outputs/results/E20/k2_binary/seed46,0.7287,0.7287,0.8253,0.7767,200,105.6,2026-09-12 05:42:04
E20,fedavg_mu0,42,./outputs/results/E20/fedavg_mu0/seed42,0.9306,0.9306,0.5706,0.6798,200,73.2,2026-09-12 05:43:20
E20,fedavg_mu0,43,./outputs/results/E20/fedavg_mu0/seed43,0.9278,0.9278,0.8299,0.8101,40,73.7,2026-09-12 05:44:34
E20,fedavg_mu0,44,./outputs/results/E20/fedavg_mu0/seed44,0.9396,0.9396,0.8449,0.826,24,75.3,2026-09-12 05:45:49
E20,fedavg_mu0,45,./outputs/results/E20/fedavg_mu0/seed45,0.9423,0.9423,0.6954,0.7376,35,76.0,2026-09-12 05:47:05
E20,fedavg_mu0,46,./outputs/results/E20/fedavg_mu0/seed46,0.929,0.929,0.834,0.8123,19,75.4,2026-09-12 05:48:20
E21,c02_topk_ef,42,./outputs/results/E21/c02_topk_ef/seed42,0.9306,0.9306,0.8671,0.8488,189,37.8,2026-09-12 05:49:01
E21,c02_topk_ef,43,./outputs/results/E21/c02_topk_ef/seed43,0.9278,0.9278,0.8702,0.8488,158,29.3,2026-09-12 05:49:30
E21,c02_topk_ef,44,./outputs/results/E21/c02_topk_ef/seed44,0.9396,0.9396,0.8691,0.8483,195,28.0,2026-09-12 05:49:58
E21,c02_topk_ef,45,./outputs/results/E21/c02_topk_ef/seed45,0.9423,0.9423,0.8797,0.8612,98,36.5,2026-09-12 05:50:35
E21,c02_topk_ef,46,./outputs/results/E21/c02_topk_ef/seed46,0.929,0.929,0.8723,0.852,107,30.5,2026-09-12 05:51:05
E21,c05_topk_ef,42,./outputs/results/E21/c05_topk_ef/seed42,0.9306,0.9306,0.8652,0.8452,94,50.8,2026-09-12 05:51:59
E21,c05_topk_ef,43,./outputs/results/E21/c05_topk_ef/seed43,0.9278,0.9278,0.8682,0.8477,138,52.1,2026-09-12 05:52:51
E21,c05_topk_ef,44,./outputs/results/E21/c05_topk_ef/seed44,0.9396,0.9396,0.8749,0.8566,131,52.9,2026-09-12 05:53:44
E21,c05_topk_ef,45,./outputs/results/E21/c05_topk_ef/seed45,0.9423,0.9423,0.886,0.8706,65,51.1,2026-09-12 05:54:35
E21,c05_topk_ef,46,./outputs/results/E21/c05_topk_ef/seed46,0.929,0.929,0.87,0.8483,45,56.9,2026-09-12 05:55:32
REPRO,chk,42,./outputs/results/REPRO/chk/seed42,0.9306,0.9306,0.8659,0.8464,115,107.5,2026-09-12 11:03:55
SMOKE3,rnd,42,./outputs/results/SMOKE3/rnd/seed42,0.9306,0.9306,0.8529,0.8154,6,11.5,2026-09-12 11:04:19
E22,curated,42,./outputs/results/E22/curated/seed42,0.9306,0.9306,0.8592,0.8368,80,110.8,2026-09-12 11:06:44
E22,curated,43,./outputs/results/E22/curated/seed43,0.9278,0.9278,0.8672,0.845,124,96.6,2026-09-12 11:08:21
E22,curated,44,./outputs/results/E22/curated/seed44,0.9396,0.9396,0.871,0.8527,198,104.4,2026-09-12 11:10:05
E22,curated,45,./outputs/results/E22/curated/seed45,0.9423,0.9423,0.8819,0.8656,71,102.6,2026-09-12 11:11:48
E22,curated,46,./outputs/results/E22/curated/seed46,0.929,0.929,0.8722,0.8548,188,104.2,2026-09-12 11:13:32
E22,curated,47,./outputs/results/E22/curated/seed47,0.9273,0.9273,0.857,0.8299,26,104.4,2026-09-12 11:15:16
E22,curated,48,./outputs/results/E22/curated/seed48,0.9241,0.9241,0.8704,0.8472,116,106.4,2026-09-12 11:17:03
E22,curated,49,./outputs/results/E22/curated/seed49,0.9387,0.9387,0.8572,0.8396,72,103.6,2026-09-12 11:18:46
E22,curated,50,./outputs/results/E22/curated/seed50,0.931,0.931,0.8733,0.8543,42,94.3,2026-09-12 11:20:21
E22,curated,51,./outputs/results/E22/curated/seed51,0.9289,0.9289,0.8692,0.848,37,110.5,2026-09-12 11:22:11
E22,random,42,./outputs/results/E22/random/seed42,0.9306,0.9306,0.8458,0.8265,22,97.5,2026-09-12 11:23:52
E22,random,43,./outputs/results/E22/random/seed43,0.9278,0.9278,0.8674,0.8456,20,111.3,2026-09-12 11:25:43
E22,random,44,./outputs/results/E22/random/seed44,0.9396,0.9396,0.8698,0.8473,16,94.5,2026-09-12 11:27:18
E22,random,45,./outputs/results/E22/random/seed45,0.9423,0.9423,0.8767,0.8564,23,97.3,2026-09-12 11:28:55
E22,random,46,./outputs/results/E22/random/seed46,0.929,0.929,0.8715,0.8493,18,98.2,2026-09-12 11:30:33
E22,random,47,./outputs/results/E22/random/seed47,0.9273,0.9273,0.8678,0.8464,21,95.3,2026-09-12 11:32:09
E22,random,48,./outputs/results/E22/random/seed48,0.9241,0.9241,0.8731,0.8515,20,96.3,2026-09-12 11:33:45
E22,random,49,./outputs/results/E22/random/seed49,0.9387,0.9387,0.8599,0.8331,13,96.1,2026-09-12 11:35:21
E22,random,50,./outputs/results/E22/random/seed50,0.931,0.931,0.8686,0.8471,18,92.0,2026-09-12 11:36:53
E22,random,51,./outputs/results/E22/random/seed51,0.9289,0.9289,0.8542,0.8374,22,97.1,2026-09-12 11:38:30
E22,randstrat,42,./outputs/results/E22/randstrat/seed42,0.9306,0.9306,0.8558,0.8228,7,104.1,2026-09-12 11:40:17
E22,randstrat,43,./outputs/results/E22/randstrat/seed43,0.9278,0.9278,0.8668,0.8452,20,95.1,2026-09-12 11:41:53
E22,randstrat,44,./outputs/results/E22/randstrat/seed44,0.9396,0.9396,0.8645,0.8399,13,93.9,2026-09-12 11:43:27
E22,randstrat,45,./outputs/results/E22/randstrat/seed45,0.9423,0.9423,0.8575,0.8287,6,95.8,2026-09-12 11:45:02
E22,randstrat,46,./outputs/results/E22/randstrat/seed46,0.929,0.929,0.8716,0.8491,18,100.2,2026-09-12 11:46:42
E22,randstrat,47,./outputs/results/E22/randstrat/seed47,0.9273,0.9273,0.8676,0.8461,22,92.9,2026-09-12 11:48:15
E22,randstrat,48,./outputs/results/E22/randstrat/seed48,0.9241,0.9241,0.8719,0.8495,18,95.7,2026-09-12 11:49:51
E22,randstrat,49,./outputs/results/E22/randstrat/seed49,0.9387,0.9387,0.8518,0.8337,22,94.0,2026-09-12 11:51:25
E22,randstrat,50,./outputs/results/E22/randstrat/seed50,0.931,0.931,0.8738,0.8531,22,98.5,2026-09-12 11:53:04
E22,randstrat,51,./outputs/results/E22/randstrat/seed51,0.9289,0.9289,0.8551,0.8388,22,98.1,2026-09-12 11:54:42
E22,all,42,./outputs/results/E22/all/seed42,0.9306,0.9306,0.7958,0.7727,9,327.8,2026-09-12 12:00:12
E22,all,43,./outputs/results/E22/all/seed43,0.9278,0.9278,0.8254,0.8023,6,326.8,2026-09-12 12:05:39
E22,all,44,./outputs/results/E22/all/seed44,0.9396,0.9396,0.7972,0.7719,3,328.8,2026-09-12 12:11:08
E22,all,45,./outputs/results/E22/all/seed45,0.9423,0.9423,0.824,0.8,4,330.5,2026-09-12 12:16:38
E22,all,46,./outputs/results/E22/all/seed46,0.929,0.929,0.8034,0.7844,10,319.2,2026-09-12 12:21:58
E22,all,47,./outputs/results/E22/all/seed47,0.9273,0.9273,0.8181,0.7922,1,314.9,2026-09-12 12:27:13
E22,all,48,./outputs/results/E22/all/seed48,0.9241,0.9241,0.7792,0.765,6,301.8,2026-09-12 12:32:14
E22,all,49,./outputs/results/E22/all/seed49,0.9387,0.9387,0.8019,0.7753,4,307.2,2026-09-12 12:37:22
E22,all,50,./outputs/results/E22/all/seed50,0.931,0.931,0.8319,0.81,4,310.8,2026-09-12 12:42:32
E22,all,51,./outputs/results/E22/all/seed51,0.9289,0.9289,0.8174,0.7982,5,323.4,2026-09-12 12:47:56
E23,pseudo_random,42,./outputs/results/E23/pseudo_random/seed42,0.9306,0.9306,0.8667,0.847,29,90.2,2026-09-12 12:49:40
E23,pseudo_random,43,./outputs/results/E23/pseudo_random/seed43,0.9278,0.9278,0.8641,0.8415,25,99.3,2026-09-12 12:51:20
E23,pseudo_random,44,./outputs/results/E23/pseudo_random/seed44,0.9396,0.9396,0.8723,0.8516,22,99.6,2026-09-12 12:52:59
E23,pseudo_random,45,./outputs/results/E23/pseudo_random/seed45,0.9423,0.9423,0.8713,0.8487,25,93.4,2026-09-12 12:54:33
E23,pseudo_random,46,./outputs/results/E23/pseudo_random/seed46,0.929,0.929,0.8778,0.8568,21,100.0,2026-09-12 12:56:13
E23,pseudo_all,42,./outputs/results/E23/pseudo_all/seed42,0.9306,0.9306,0.8532,0.8391,23,323.3,2026-09-12 13:01:39
E23,pseudo_all,43,./outputs/results/E23/pseudo_all/seed43,0.9278,0.9278,0.8355,0.815,26,309.2,2026-09-12 13:06:48
E23,pseudo_all,44,./outputs/results/E23/pseudo_all/seed44,0.9396,0.9396,0.8138,0.7921,8,312.8,2026-09-12 13:12:01
E23,pseudo_all,45,./outputs/results/E23/pseudo_all/seed45,0.9423,0.9423,0.8315,0.8083,13,308.4,2026-09-12 13:17:09
E23,pseudo_all,46,./outputs/results/E23/pseudo_all/seed46,0.929,0.929,0.8353,0.8138,7,327.0,2026-09-12 13:22:36
