precision,recall
0.011764705882352941,1.0
0.01179245283018868,1.0
0.01182033096926714,1.0
0.011848341232227487,1.0
0.011876484560570071,1.0
0.011904761904761904,1.0
0.011933174224343675,1.0
0.011961722488038277,1.0
0.011990407673860911,1.0
0.01201923076923077,1.0
0.012048192771084338,1.0
0.012077294685990338,1.0
0.012106537530266344,1.0
0.012135922330097087,1.0
0.012165450121654502,1.0
0.012195121951219513,1.0
0.012224938875305624,1.0
0.012254901960784314,1.0
0.012285012285012284,1.0
0.012315270935960592,1.0
0.012345679012345678,1.0
0.012376237623762377,1.0
0.01240694789081886,1.0
0.012437810945273632,1.0
0.012468827930174564,1.0
0.0125,1.0
0.012531328320802004,1.0
0.01256281407035176,1.0
0.012594458438287154,1.0
0.012626262626262626,1.0
0.012658227848101266,1.0
0.012690355329949238,1.0
0.01272264631043257,1.0
0.012755102040816327,1.0
0.01278772378516624,1.0
0.01282051282051282,1.0
0.012853470437017995,1.0
0.01288659793814433,1.0
0.012919896640826873,1.0
0.012953367875647668,1.0
0.012987012987012988,1.0
0.013054830287206266,1.0
0.013089005235602094,1.0
0.013123359580052493,1.0
0.013157894736842105,1.0
0.013192612137203167,1.0
0.013227513227513227,1.0
0.013262599469496022,1.0
0.013297872340425532,1.0
0.013333333333333334,1.0
0.013368983957219251,1.0
0.013404825737265416,1.0
0.013440860215053764,1.0
0.013477088948787063,1.0
0.013513513513513514,1.0
0.013550135501355014,1.0
0.01358695652173913,1.0
0.013623978201634877,1.0
0.01366120218579235,1.0
0.0136986301369863,1.0
0.013736263736263736,1.0
0.013774104683195593,1.0
0.013812154696132596,1.0
0.013850415512465374,1.0
0.013888888888888888,1.0
0.013927576601671309,1.0
0.013966480446927373,1.0
0.014005602240896359,1.0
0.014044943820224719,1.0
0.014084507042253521,1.0
0.014124293785310734,1.0
0.014164305949008499,1.0
0.014204545454545454,1.0
0.014245014245014245,1.0
0.014285714285714285,1.0
0.014326647564469915,1.0
0.014367816091954023,1.0
0.01440922190201729,1.0
0.014450867052023121,1.0
0.014492753623188406,1.0
0.014534883720930232,1.0
0.014577259475218658,1.0
0.014619883040935672,1.0
0.01466275659824047,1.0
0.014705882352941176,1.0
0.014749262536873156,1.0
0.014792899408284023,1.0
0.01483679525222552,1.0
0.014925373134328358,1.0
0.014970059880239521,1.0
0.015015015015015015,1.0
0.015060240963855422,1.0
0.015105740181268883,1.0
0.015151515151515152,1.0
0.015197568389057751,1.0
0.01524390243902439,1.0
0.01529051987767584,1.0
0.015337423312883436,1.0
0.015384615384615385,1.0
0.015432098765432098,1.0
0.015479876160990712,1.0
0.015527950310559006,1.0
0.01557632398753894,1.0
0.015625,1.0
0.01567398119122257,1.0
0.015723270440251572,1.0
0.015772870662460567,1.0
0.015822784810126583,1.0
0.015873015873015872,1.0
0.01592356687898089,1.0
0.01597444089456869,1.0
0.016025641025641024,1.0
0.01607717041800643,1.0
0.016129032258064516,1.0
0.016181229773462782,1.0
0.016233766233766232,1.0
0.016286644951140065,1.0
0.016339869281045753,1.0
0.01639344262295082,1.0
0.01644736842105263,1.0
0.0165016501650165,1.0
0.016556291390728478,1.0
0.016611295681063124,1.0
0.016666666666666666,1.0
0.016722408026755852,1.0
0.016778523489932886,1.0
0.016835016835016835,1.0
0.016891891891891893,1.0
0.01694915254237288,1.0
0.017006802721088437,1.0
0.017064846416382253,1.0
0.017123287671232876,1.0
0.01718213058419244,1.0
0.017241379310344827,1.0
0.01730103806228374,1.0
0.017361111111111112,1.0
0.017421602787456445,1.0
0.017482517482517484,1.0
0.017543859649122806,1.0
0.017605633802816902,1.0
0.0176678445229682,1.0
0.01773049645390071,1.0
0.017793594306049824,1.0
0.017857142857142856,1.0
0.017921146953405017,1.0
0.017985611510791366,1.0
0.018050541516245487,1.0
0.018115942028985508,1.0
0.01818181818181818,1.0
0.01824817518248175,1.0
0.018315018315018316,1.0
0.01838235294117647,1.0
0.01845018450184502,1.0
0.018518518518518517,1.0
0.01858736059479554,1.0
0.018656716417910446,1.0
0.018726591760299626,1.0
0.018796992481203006,1.0
0.018867924528301886,1.0
0.01893939393939394,1.0
0.019011406844106463,1.0
0.019083969465648856,1.0
0.019157088122605363,1.0
0.019230769230769232,1.0
0.019305019305019305,1.0
0.01937984496124031,1.0
0.019455252918287938,1.0
0.01953125,1.0
0.0196078431372549,1.0
0.01968503937007874,1.0
0.019762845849802372,1.0
0.01984126984126984,1.0
0.0199203187250996,1.0
0.02,1.0
0.020080321285140562,1.0
0.020161290322580645,1.0
0.020242914979757085,1.0
0.02032520325203252,1.0
0.02040816326530612,1.0
0.020491803278688523,1.0
0.0205761316872428,1.0
0.02066115702479339,1.0
0.02074688796680498,1.0
0.020833333333333332,1.0
0.02092050209205021,1.0
0.02100840336134454,1.0
0.02109704641350211,1.0
0.0211864406779661,1.0
0.02127659574468085,1.0
0.021367521367521368,1.0
0.02145922746781116,1.0
0.021551724137931036,1.0
0.021645021645021644,1.0
0.021739130434782608,1.0
0.021834061135371178,1.0
0.021929824561403508,1.0
0.022026431718061675,1.0
0.022123893805309734,1.0
0.022222222222222223,1.0
0.022321428571428572,1.0
0.02242152466367713,1.0
0.02252252252252252,1.0
0.02262443438914027,1.0
0.022727272727272728,1.0
0.0228310502283105,1.0
0.022935779816513763,1.0
0.02304147465437788,1.0
0.023148148148148147,1.0
0.023255813953488372,1.0
0.02336448598130841,1.0
0.023474178403755867,1.0
0.02358490566037736,1.0
0.023696682464454975,1.0
0.023809523809523808,1.0
0.023923444976076555,1.0
0.02403846153846154,1.0
0.024154589371980676,1.0
0.024271844660194174,1.0
0.024390243902439025,1.0
0.024509803921568627,1.0
0.024630541871921183,1.0
0.024752475247524754,1.0
0.024875621890547265,1.0
0.025,1.0
0.02512562814070352,1.0
0.025252525252525252,1.0
0.025380710659898477,1.0
0.025510204081632654,1.0
0.02564102564102564,1.0
0.02577319587628866,1.0
0.025906735751295335,1.0
0.026041666666666668,1.0
0.02617801047120419,1.0
0.02631578947368421,1.0
0.026455026455026454,1.0
0.026595744680851064,1.0
0.026737967914438502,1.0
0.026881720430107527,1.0
0.02702702702702703,1.0
0.02717391304347826,1.0
0.0273224043715847,1.0
0.027472527472527472,1.0
0.027624309392265192,1.0
0.027777777777777776,1.0
0.027932960893854747,1.0
0.028089887640449437,1.0
0.02824858757062147,1.0
0.028409090909090908,1.0
0.02857142857142857,1.0
0.028735632183908046,1.0
0.028901734104046242,1.0
0.029069767441860465,1.0
0.029239766081871343,1.0
0.029411764705882353,1.0
0.029585798816568046,1.0
0.02976190476190476,1.0
0.029940119760479042,1.0
0.030120481927710843,1.0
0.030303030303030304,1.0
0.03048780487804878,1.0
0.03067484662576687,1.0
0.030864197530864196,1.0
0.031055900621118012,1.0
0.025,0.8
0.025157232704402517,0.8
0.02531645569620253,0.8
0.01910828025477707,0.6
0.019230769230769232,0.6
0.01935483870967742,0.6
0.01948051948051948,0.6
0.0196078431372549,0.6
0.019736842105263157,0.6
0.019867549668874173,0.6
0.02,0.6
0.020134228187919462,0.6
0.02027027027027027,0.6
0.02040816326530612,0.6
0.02054794520547945,0.6
0.020689655172413793,0.6
0.020833333333333332,0.6
0.02097902097902098,0.6
0.02112676056338028,0.6
0.02127659574468085,0.6
0.02142857142857143,0.6
0.02158273381294964,0.6
0.021739130434782608,0.6
0.021897810218978103,0.6
0.022058823529411766,0.6
0.022222222222222223,0.6
0.022388059701492536,0.6
0.022556390977443608,0.6
0.022727272727272728,0.6
0.022900763358778626,0.6
0.023076923076923078,0.6
0.023255813953488372,0.6
0.0234375,0.6
0.023622047244094488,0.6
0.023809523809523808,0.6
0.024,0.6
0.024193548387096774,0.6
0.024390243902439025,0.6
0.02459016393442623,0.6
0.024793388429752067,0.6
0.025,0.6
0.025210084033613446,0.6
0.025423728813559324,0.6
0.02564102564102564,0.6
0.02586206896551724,0.6
0.02608695652173913,0.6
0.02631578947368421,0.6
0.02654867256637168,0.6
0.026785714285714284,0.6
0.02702702702702703,0.6
0.02727272727272727,0.6
0.027522935779816515,0.6
0.027777777777777776,0.6
0.028037383177570093,0.6
0.02830188679245283,0.6
0.02857142857142857,0.6
0.028846153846153848,0.6
0.02912621359223301,0.6
0.029411764705882353,0.6
0.0297029702970297,0.6
0.03,0.6
0.030303030303030304,0.6
0.030612244897959183,0.6
0.030927835051546393,0.6
0.03125,0.6
0.031578947368421054,0.6
0.031914893617021274,0.6
0.03225806451612903,0.6
0.03260869565217391,0.6
0.03296703296703297,0.6
0.03333333333333333,0.6
0.033707865168539325,0.6
0.03409090909090909,0.6
0.034482758620689655,0.6
0.03488372093023256,0.6
0.03529411764705882,0.6
0.03571428571428571,0.6
0.03614457831325301,0.6
0.036585365853658534,0.6
0.037037037037037035,0.6
0.0375,0.6
0.0379746835443038,0.6
0.038461538461538464,0.6
0.03896103896103896,0.6
0.039473684210526314,0.6
0.04,0.6
0.04054054054054054,0.6
0.0410958904109589,0.6
0.041666666666666664,0.6
0.04225352112676056,0.6
0.04285714285714286,0.6
0.043478260869565216,0.6
0.04411764705882353,0.6
0.04477611940298507,0.6
0.045454545454545456,0.6
0.046153846153846156,0.6
0.046875,0.6
0.047619047619047616,0.6
0.04838709677419355,0.6
0.04918032786885246,0.6
0.05,0.6
0.05084745762711865,0.6
0.05172413793103448,0.6
0.05263157894736842,0.6
0.05357142857142857,0.6
0.05454545454545454,0.6
0.05555555555555555,0.6
0.05660377358490566,0.6
0.057692307692307696,0.6
0.058823529411764705,0.6
0.06,0.6
0.061224489795918366,0.6
0.0625,0.6
0.06382978723404255,0.6
0.06521739130434782,0.6
0.06666666666666667,0.6
0.06818181818181818,0.6
0.06976744186046512,0.6
0.07142857142857142,0.6
0.07317073170731707,0.6
0.075,0.6
0.07692307692307693,0.6
0.07894736842105263,0.6
0.08108108108108109,0.6
0.08333333333333333,0.6
0.08571428571428572,0.6
0.08823529411764706,0.6
0.09090909090909091,0.6
0.09375,0.6
0.0967741935483871,0.6
0.1,0.6
0.10344827586206896,0.6
0.10714285714285714,0.6
0.1111111111111111,0.6
0.07692307692307693,0.4
0.08,0.4
0.08333333333333333,0.4
0.08695652173913043,0.4
0.09090909090909091,0.4
0.09523809523809523,0.4
0.05,0.2
0.05263157894736842,0.2
0.05555555555555555,0.2
0.058823529411764705,0.2
0.0625,0.2
0.06666666666666667,0.2
0.07142857142857142,0.2
0.07692307692307693,0.2
0.08333333333333333,0.2
0.09090909090909091,0.2
0.0,0.0
0.0,0.0
0.0,0.0
0.0,0.0
0.0,0.0
0.0,0.0
0.0,0.0
0.0,0.0
0.0,0.0
0.0,0.0
1.0,0.0
