round,train_acc,val_acc
1,0.686033724340176,0.6860482157250678
2,0.686033724340176,0.6860482157250678
3,0.686033724340176,0.6860482157250678
4,0.686033724340176,0.6860482157250678
5,0.686033724340176,0.6860482157250678
6,0.686033724340176,0.6862314061698542
7,0.7140762463343109,0.7146259251117462
8,0.8437670114316821,0.8527148823917344
9,0.9618833179204697,0.837216970762805
10,0.9660492789673603,0.6359273100315087
11,0.9714941702051147,0.6413131091082289
12,0.9748693964225693,0.6614274199457756
13,0.9768677900585855,0.6635157910163406
14,0.9784042313751969,0.6687550377372317
15,0.9796686497643462,0.6692313328936763
16,0.9801702456954924,0.6682421044918297
17,0.9794255076333412,0.658459734740236
18,0.9795458689519805,0.6577636110500477
19,0.9795157885667514,0.6582765442954496
20,0.9795971046602924,0.6597054297647835
21,0.9793977302037657,0.6619037151022202
22,0.979654282162702,0.6598519821206126
23,0.9780397842355499,0.656371363669671
24,0.9794952005485087,0.6555653257126108
25,0.9797665121422192,0.6565911922034147
26,0.9797647358586716,0.657543782516304
27,0.9816192467287141,0.6880266725287609
28,0.9818781237782263,0.6914340148017879
29,0.9822484582242123,0.6981021469920129
30,0.9811592057685394,0.6787572360225691
31,0.9810277181442274,0.6749102366820546
32,0.9801566359164889,0.6612442295009893
33,0.9804211963657371,0.6619037151022202
34,0.9805075164356601,0.6617571627463912
35,0.9805744037972963,0.6621601817249212
36,0.9805943818699959,0.6619403531911775
37,0.9813421544176728,0.6749468747710119
38,0.9814232131694103,0.6753132556605848
39,0.9817728359139561,0.6827141496299552
40,0.982721628540926,0.6986150802374148
41,0.9834811496144585,0.7068952883417601
42,0.9833541322813091,0.7026452700227156
43,0.9834434761680322,0.7024254414889719
44,0.9837292743136412,0.7062724408294864
45,0.9844581059611798,0.7161647248479519
46,0.9866767615189476,0.7586649080383967
47,0.9872333769966177,0.7674214112991866
48,0.9876310709013135,0.7680808969004177
49,0.987521388529131,0.7654429544954935
50,0.9871985087118619,0.7608631933758335
51,0.9870346094594724,0.7587748223052686
52,0.9869443640921801,0.758188612881952
53,0.9868581000239292,0.7555140323880707
54,0.986686971429666,0.7504946142009232
55,0.9863292500288008,0.7517769473144281
56,0.9868064888602851,0.7501648714003077
57,0.9866475287540841,0.7452187293910749
58,0.986301761066159,0.7400893969370558
59,0.986111375173489,0.7356561881732249
60,0.9858929417337755,0.7309298746977357
61,0.9858805643973585,0.7306367699860775
62,0.9774979041231614,0.7020956986883564
63,0.9835949396182687,0.6860115776361105
64,0.9808518766115939,0.6817981974060233
65,0.9840418971357008,0.6913973767128306
66,0.9827716773949262,0.6763757602403458
67,0.9788091301290457,0.6722356561881733
68,0.9834608130266238,0.6793434454458855
69,0.9832208420774016,0.6742873891697809
70,0.9830170113724526,0.670110647028651
71,0.9831253612271775,0.6729317798783615
72,0.9831351085186167,0.672602037077746
73,0.9830420160106106,0.6709899611636257
74,0.983084614873775,0.6723089323660878
75,0.9815109043106547,0.6666666666666666
76,0.9830421718153123,0.6706235802740529
77,0.983982147753813,0.6914706528907452
78,0.9814090664958022,0.6743240272587382
79,0.9830884574709171,0.6691580567157617
80,0.9829803684915231,0.6663002857770939
81,0.9806937760591478,0.6614274199457756
82,0.9795945308816596,0.6829706162526563
83,0.9841486873868437,0.690664614933685
84,0.9845430107526881,0.6954642045870887
85,0.9845029103608848,0.6949146332527295
86,0.9845000232872246,0.6938887667619257
87,0.98449177877429,0.6950245475196014
88,0.9845355552042553,0.6941818714735839
89,0.9843802454399642,0.6927163479152927
90,0.9831249707355902,0.6890525390195648
91,0.9841864922764686,0.6930827288048655
92,0.9842789365823531,0.6935223858723529
93,0.9842164810607124,0.6912141862680442
94,0.9833919115235016,0.6977724041913974
95,0.9844235889987524,0.6941818714735839
96,0.9843342526406634,0.6945482523631568
97,0.9843339833495838,0.6998607752619623
98,0.9840821184171378,0.6926797098263354
99,0.983842078116941,0.6971495566791236
100,0.9843218597002653,0.6970030043232945
101,0.9841562922553271,0.6939986810287976
102,0.9840903764121315,0.6921301384919762
103,0.9838927559616503,0.6958672235656188
104,0.9835049812153044,0.6923133289367627
105,0.9844441112527176,0.6958305854766615
106,0.9826106425852675,0.6862680442588115
107,0.9841474065795776,0.6901150435993259
108,0.9839600266239183,0.6863779585256833
109,0.982088654581677,0.6825309591851689
110,0.9838999388724314,0.6859749395471533
111,0.9834483147545914,0.6842163112772037
112,0.9829085570153974,0.6935590239613102
113,0.9843649423947013,0.6923133289367627
114,0.9811488031356447,0.6867443394152561
115,0.9836272040302267,0.6869275298600425
116,0.9828166102968808,0.6860482157250678
117,0.9838244007034505,0.6860848538140251
118,0.982073060733614,0.6831904447863999
119,0.9833107803337844,0.6849124349673921
120,0.9838994514165477,0.6883197772404192
121,0.9836617236272286,0.693412471605481
122,0.984290453717116,0.694841357074815
123,0.9845174656799156,0.695757309298747
124,0.9832889567467927,0.7004836227742361
125,0.9841144868469803,0.6947680808969005
126,0.9845305516938953,0.6957939473877043
127,0.9843940706785551,0.6933391954275665
128,0.984284687141083,0.6915439290686598
129,0.9839190217953176,0.7057595075840845
130,0.9845525353384018,0.7036344984245622
131,0.9837321910792439,0.7059426980288708
132,0.983156939544617,0.7024254414889719
133,0.9848884268369658,0.701253022642339
134,0.982708451476754,0.6989448230380303
135,0.9842664869620561,0.7048801934491097
136,0.9835756246281975,0.702828460467502
137,0.9848656372949298,0.704000879314135
138,0.9850298009242471,0.7085440023448377
139,0.9850955425835012,0.7063823550963582
140,0.9850084988993228,0.7053931266945116
141,0.9839904109716324,0.6973693852128673
142,0.980939484497572,0.7045504506484942
143,0.9846513148675791,0.7072616692313329
144,0.9839462821494611,0.7058694218509562
145,0.9848396992256182,0.704000879314135
146,0.9848582927584363,0.7052465743386825
147,0.9826436996817075,0.7011431083754671
148,0.9849209543510207,0.707408221587162
149,0.9849564973337076,0.7075181358540339
150,0.9850662892894384,0.7088371070564959
151,0.9840659188221912,0.7066021836301019
152,0.984676640926641,0.7060526122957427
153,0.9851527411751605,0.7097896973693852
154,0.9824791132587005,0.7072250311423756
155,0.9852988796062431,0.7106323734154026
156,0.9853881614663367,0.7106323734154026
157,0.9852735696425945,0.712244449329523
158,0.9852427363001104,0.7121711731516084
159,0.9852188221019056,0.7109254781270609
160,0.9847870648686907,0.7105590972374881
161,0.9854225261493778,0.7109254781270609
162,0.9854658373680487,0.71107203048289
163,0.9854658373680487,0.71107203048289
164,0.9851323660488666,0.7122078112405656
165,0.9854598561600426,0.7119513446178647
166,0.9849396760054765,0.7115849637282919
167,0.9852934422163637,0.7128306587528395
168,0.985459352280238,0.7132703158203269
169,0.9854631942403761,0.7133069539092841
170,0.9852219009591996,0.7123177255074375
171,0.9855329226984404,0.7133802300871986
172,0.9848789489630099,0.714479372755917
173,0.9855107261259431,0.7148457536454899
174,0.985477963224372,0.714076353777387
175,0.9856235311398355,0.7153586868908918
176,0.9855211465038641,0.7146992012896607
177,0.9848420781703865,0.713160401553455
178,0.9855423677470878,0.7130138491976259
179,0.9855494248230401,0.7129772111086685
180,0.9855566165938223,0.7135267824430278
181,0.9846343188309958,0.7122078112405656
182,0.9840637084255679,0.7108522019491463
183,0.9849833301187557,0.7112918590166337
184,0.9854326547493222,0.7109987543049755
185,0.9853305898995095,0.7106690115043599
186,0.9851032759934976,0.7112552209276765
187,0.9845393497891729,0.7099728878141716
188,0.9823157042434949,0.7160548105810801
189,0.9853141950481532,0.7109621162160181
190,0.9853543205674281,0.7134901443540705
191,0.9856496862310816,0.7160914486700374
192,0.9855935175443454,0.7159815344031655
193,0.9856529962633206,0.7160548105810801
194,0.9855731535204642,0.7157617058694219
195,0.9856423591899967,0.7157983439583792
196,0.9850615519387708,0.7163479152927383
197,0.9855615562658437,0.7173005056056276
198,0.9855128417259574,0.7185095625412179
199,0.9853095198721129,0.7177768007620723
200,0.9858071983685168,0.7182897340074742
